id,months_as_member,days_before,day_of_week,time,category,weight,attended
18855,17,8,Wed,PM,Strength,79.56,
18856,10,2,Mon,AM,HIIT,79.01,
18857,16,14,Sun,AM,Strength,74.53,
18858,5,10,Fri,AM,Cycling,86.12,
18859,15,8,Thu,AM,HIIT,69.29,
18860,7,2,Mon,AM,Cycling,93.33,
18861,11,6,Wed,PM,HIIT,88.59,
18862,9,10,Fri,AM,HIIT,89.52,
18863,23,10,Fri,AM,HIIT,71.12,
18864,7,10,Fri,AM,HIIT,81.25,
18865,13,4,Tue,AM,Cycling,73.22,
18866,16,10,Fri,AM,Cycling,86.86,
18867,16,14,Sun,AM,Strength,71.7,
18868,8,4,Tue,AM,Cycling,81.32,
18869,9,10,Fri,AM,Cycling,77.35,
18870,9,14,Sun,AM,HIIT,82.42,
18871,22,14,Sun,AM,Strength,69.52,
18872,6,9,Thu,PM,Yoga,79.01,
18873,33,8,Thu,AM,Cycling,81.55,
18874,10,4,Tue,AM,Cycling,72.93,
18875,24,12,Sat,PM,Strength,68.35,
18876,14,2,Mon,AM,Cycling,94.72,
18877,2,10,Fri,AM,Strength,92.87,
18878,12,10,Fri,AM,Strength,91.74,
18879,8,2,Mon,AM,Strength,92.24,
18880,2,2,Mon,AM,HIIT,85.67,
18881,12,2,Mon,AM,HIIT,76.56,
18882,26,4,Tue,PM,HIIT,82.87,
18883,28,2,Mon,AM,Strength,87.19,
18884,27,12,Sat,AM,Yoga,98.91,
18885,8,4,Tue,AM,HIIT,79.96,
18886,8,2,Mon,AM,Strength,84.87,
18887,1,4,Tue,AM,Cycling,88.75,
18888,6,10,Fri,AM,Yoga,86.67,
18889,3,10,Fri,AM,HIIT,81.58,
18890,6,9,Thu,PM,Cycling,83.13,
18891,24,4,Tue,AM,Strength,73.49,
18892,8,12,Sat,AM,HIIT,79.36,
18893,27,10,Fri,AM,HIIT,78.81,
18894,7,10,Fri,AM,HIIT,97.26,
18895,5,14,Sun,AM,HIIT,93.33,
18896,14,10,Thu,PM,Strength,83.16,
18897,7,14,Sun,PM,Cycling,90.0,
18898,9,10,Fri,AM,HIIT,112.15,
18899,6,8,Wed,PM,Strength,108.2,
18900,5,2,Mon,AM,HIIT,104.19,
18901,21,4,Tue,PM,HIIT,67.81,
18902,17,2,Mon,AM,HIIT,81.98,
18903,10,14,Sun,AM,Strength,81.56,
18904,18,2,Mon,AM,Strength,79.57,
18905,8,8,Thu,AM,Yoga,85.39,
18906,19,2,Mon,AM,Yoga,69.65,
18907,12,10,Fri,AM,HIIT,77.09,
18908,19,4,Tue,AM,HIIT,65.65,
18909,53,10,Fri,AM,HIIT,61.1,
18910,17,4,Tue,PM,Others,71.35,
18911,3,10,Fri,AM,HIIT,100.9,
18912,12,2,Mon,AM,HIIT,79.68,
18913,19,10,Fri,AM,Yoga,72.23,
18914,16,8,Thu,AM,Yoga,67.53,
18915,8,5,Tue,PM,Yoga,101.32,
18916,6,2,Mon,AM,HIIT,81.44,
18917,9,4,Tue,AM,HIIT,76.05,
18918,10,8,Thu,AM,Aqua,100.44,
18919,2,2,Mon,AM,Yoga,107.03,
18920,20,4,Tue,AM,HIIT,76.07,
18921,11,8,Thu,AM,Strength,71.54,
18922,8,14,Sun,PM,Strength,72.63,
18923,9,10,Thu,PM,HIIT,82.13,
18924,2,10,Fri,AM,HIIT,108.82,
18925,17,3,Mon,AM,Cycling,74.57,
18926,11,10,Fri,AM,HIIT,74.75,
18927,8,7,Wed,PM,HIIT,85.86,
18928,28,5,Wed,PM,HIIT,73.78,
18929,34,10,Fri,AM,Cycling,75.34,
18930,20,2,Mon,AM,Aqua,60.1,
18931,5,6,Wed,AM,HIIT,94.7,
18932,12,8,Thu,AM,HIIT,97.11,
18933,14,14,Sun,AM,Cycling,69.0,
18934,11,13,Sat,AM,Yoga,82.16,
18935,10,8,Thu,AM,Cycling,94.97,
18936,11,8,Thu,PM,Yoga,85.79,
18937,6,10,Fri,AM,HIIT,117.19,
18938,25,13,Sat,PM,HIIT,70.8,
18939,9,8,Thu,AM,HIIT,74.76,
18940,8,10,Fri,AM,HIIT,80.34,
18941,17,7,Thu,PM,Cycling,86.53,
18942,20,10,Fri,AM,Yoga,80.11,
18943,14,14,Sun,AM,Aqua,68.96,
18944,32,6,Wed,AM,Cycling,77.57,
18945,3,10,Fri,AM,Strength,112.47,
18946,27,8,Thu,AM,Strength,77.39,
18947,73,8,Thu,AM,HIIT,66.0,
18948,10,12,Sat,AM,HIIT,79.32,
18949,5,6,Wed,AM,Cycling,90.06,
18950,20,10,Thu,PM,Cycling,75.34,
18951,7,12,Sat,AM,Cycling,81.69,
18952,6,8,Thu,PM,HIIT,80.74,
18953,55,6,Wed,PM,Cycling,62.92,
18954,4,4,Tue,AM,HIIT,113.86,
18955,9,8,Thu,AM,HIIT,73.07,
18956,7,12,Sat,AM,Strength,84.72,
18957,14,14,Sun,AM,Strength,80.76,
18958,11,2,Mon,AM,HIIT,85.41,
18959,9,2,Mon,AM,HIIT,92.06,
18960,5,2,Mon,AM,HIIT,78.28,
18961,12,2,Mon,AM,Strength,79.77,
18962,8,10,Fri,AM,HIIT,71.49,
18963,21,8,Thu,AM,Cycling,76.77,
18964,14,20,Sun,PM,HIIT,69.35,
18965,11,14,Sun,PM,Strength,74.57,
18966,34,14,Sun,AM,Yoga,64.52,
18967,8,4,Tue,PM,HIIT,81.06,
18968,12,2,Mon,AM,HIIT,79.79,
18969,14,10,Fri,AM,HIIT,82.61037837837839,
18970,27,8,Thu,AM,Yoga,83.32,
18971,10,1,Mon,PM,HIIT,97.13,
18972,18,14,Sun,AM,Cycling,88.77,
18973,13,2,Mon,AM,Yoga,90.38,
18974,26,2,Mon,AM,HIIT,65.88,
18975,35,4,Tue,AM,HIIT,69.41,
18976,54,7,Wed,AM,HIIT,73.02,
18977,6,10,Fri,AM,HIIT,98.42,
18978,15,10,Fri,AM,HIIT,71.99,
18979,76,15,Sun,PM,HIIT,58.68,
18980,3,2,Mon,AM,Cycling,97.38,
18981,15,2,Mon,AM,Cycling,75.7,
18982,3,8,Thu,AM,Cycling,86.92,
18983,28,12,Sat,AM,HIIT,70.77,
18984,8,14,Sun,AM,HIIT,104.33,
18985,5,14,Sun,AM,HIIT,81.42,
18986,11,7,Thu,PM,HIIT,77.56,
18987,9,2,Mon,AM,HIIT,109.23,
18988,11,14,Sun,AM,HIIT,97.77,
18989,9,8,Thu,AM,Cycling,85.32,
18990,24,2,Mon,AM,HIIT,80.01,
18991,10,10,Fri,AM,HIIT,73.38,
18992,13,2,Mon,AM,Cycling,95.97,
18993,62,2,Mon,AM,HIIT,57.83,
18994,5,15,Sun,AM,HIIT,89.67,
18995,42,10,Fri,AM,Yoga,59.97,
18996,21,10,Fri,AM,Yoga,73.99,
18997,11,10,Fri,AM,HIIT,55.41,
18998,105,12,Sat,AM,Cycling,66.07,
18999,15,8,Thu,AM,HIIT,78.07,
19000,4,4,Tue,PM,HIIT,109.09,
19001,20,2,Mon,AM,Cycling,81.06,
19002,24,7,Wed,PM,HIIT,62.76,
19003,2,14,Sun,AM,HIIT,108.13,
19004,5,14,Sun,AM,Strength,94.46,
19005,90,14,Sun,AM,HIIT,58.13,
19006,15,8,Thu,AM,HIIT,66.24,
19007,29,4,Tue,PM,Strength,68.84,
19008,8,12,Fri,PM,HIIT,77.16,
19009,18,12,Sat,AM,HIIT,82.93,
19010,60,12,Sat,AM,Cycling,68.02,
19011,3,12,Sat,AM,HIIT,112.22,
19012,16,2,Mon,AM,Strength,88.34,
19013,7,3,Tue,PM,Cycling,83.26,
19014,21,8,Thu,AM,HIIT,83.77,
19015,21,2,Mon,AM,HIIT,63.04,
19016,3,8,Thu,PM,Strength,110.18,
19017,3,8,Thu,PM,HIIT,98.53,
19018,12,4,Tue,AM,HIIT,65.51,
19019,11,13,Sat,PM,HIIT,72.21,
19020,9,2,Mon,AM,Strength,83.07,
19021,18,12,Sat,AM,Strength,99.91,
19022,7,8,Thu,AM,Cycling,90.73,
19023,30,12,Sat,AM,HIIT,78.41,
19024,9,8,Thu,AM,Strength,73.58,
19025,6,10,Fri,AM,Aqua,111.44,
19026,8,12,Sat,AM,Strength,89.62,
19027,11,4,Tue,AM,HIIT,63.69,
19028,13,12,Sat,AM,Strength,87.31,
19029,25,10,Fri,AM,Cycling,80.15,
19030,32,2,Mon,AM,Cycling,84.76,
19031,3,10,Fri,AM,Strength,105.88,
19032,11,12,Sat,AM,HIIT,78.28,
19033,12,4,Tue,AM,Strength,69.33,
19034,8,12,Sat,AM,HIIT,82.63,
19035,23,12,Sat,AM,Cycling,90.78,
19036,5,10,Fri,AM,Aqua,99.45,
19037,6,12,Sat,AM,Strength,82.54,
19038,107,4,Tue,PM,HIIT,67.02,
19039,52,10,Fri,AM,HIIT,69.34,
19040,8,12,Sat,AM,HIIT,70.84,
19041,8,10,Fri,AM,Cycling,92.84,
19042,34,8,Thu,AM,Cycling,63.41,
19043,13,2,Mon,AM,Strength,78.59,
19044,5,6,Wed,PM,Strength,71.74,
19045,14,3,Mon,AM,Aqua,68.75,
19046,53,4,Tue,AM,HIIT,61.2,
19047,17,12,Sat,AM,HIIT,89.54,
19048,37,10,Fri,AM,Yoga,66.89,
19049,8,2,Mon,AM,Strength,72.56,
19050,11,4,Tue,PM,Aqua,70.91,
19051,15,12,Sat,AM,Strength,79.02,
19052,37,2,Mon,AM,Strength,73.32,
19053,8,10,Fri,AM,Aqua,98.92,
19054,12,14,Sun,AM,Cycling,80.28,
19055,22,4,Tue,AM,Yoga,88.9,
19056,9,12,Sat,AM,HIIT,83.21,
19057,6,7,Thu,PM,Cycling,97.94,
19058,15,11,Fri,AM,HIIT,104.16,
19059,10,2,Mon,AM,HIIT,110.54,
19060,6,10,Fri,AM,HIIT,91.52,
19061,38,6,Wed,AM,HIIT,85.69,
19062,10,12,Sat,PM,HIIT,100.37,
19063,35,10,Fri,AM,Cycling,72.7,
19064,10,11,Sat,PM,Yoga,93.92,
19065,19,14,Sun,AM,HIIT,98.71,
19066,16,10,Fri,AM,Cycling,82.61037837837839,
19067,10,14,Sun,AM,HIIT,84.1,
19068,9,2,Mon,AM,Cycling,77.48,
19069,16,2,Mon,AM,HIIT,67.38,
19070,8,10,Fri,AM,Yoga,84.49,
19071,12,4,Tue,AM,Aqua,74.04,
19072,21,4,Tue,PM,Yoga,69.0,
19073,13,12,Sat,AM,HIIT,72.34,
19074,3,8,Thu,AM,Cycling,90.91,
19075,27,12,Sat,AM,Strength,68.72,
19076,17,2,Mon,AM,HIIT,74.87,
19077,20,10,Fri,AM,HIIT,66.15,
19078,48,10,Fri,AM,HIIT,68.39,
19079,21,14,Sun,AM,Strength,83.07,
19080,51,8,Thu,AM,HIIT,63.59,
19081,13,12,Sat,AM,Strength,72.58,
19082,20,8,Thu,AM,Cycling,68.7,
19083,12,13,Sat,AM,Strength,84.45,
19084,23,6,Wed,AM,Cycling,71.0,
19085,12,9,Thu,AM,Yoga,88.42,
19086,10,8,Thu,AM,HIIT,81.69,
19087,18,2,Mon,AM,Aqua,80.93,
19088,8,6,Wed,AM,HIIT,85.12,
19089,16,8,Thu,AM,Strength,76.12,
19090,8,12,Sat,AM,HIIT,90.12,
19091,17,13,Sat,AM,Cycling,76.61,
19092,29,2,Mon,AM,Yoga,68.31,
19093,10,3,Tue,PM,HIIT,74.35,
19094,9,12,Sat,AM,HIIT,75.63,
19095,10,5,Tue,PM,Cycling,77.81,
19096,7,14,Sun,AM,HIIT,79.38,
19097,16,8,Thu,PM,Cycling,87.55,
19098,7,8,Thu,AM,HIIT,89.94,
19099,34,10,Fri,AM,Yoga,68.83,
19100,9,2,Mon,PM,Cycling,82.29,
19101,12,12,Sat,AM,HIIT,82.89,
19102,12,10,Fri,AM,HIIT,77.03,
19103,7,10,Fri,AM,Cycling,86.31,
19104,40,14,Sun,AM,Cycling,68.7,
19105,4,2,Mon,AM,Cycling,86.74,
19106,8,2,Mon,AM,Aqua,92.4,
19107,8,2,Mon,AM,HIIT,86.15,
19108,3,12,Sat,AM,Strength,101.97,
19109,7,14,Sun,PM,HIIT,105.2,
19110,6,14,Sun,AM,HIIT,78.32,
19111,8,10,Fri,AM,Strength,82.16,
19112,5,10,Fri,AM,Strength,80.71,
19113,25,14,Sun,AM,HIIT,75.26,
19114,20,12,Sat,AM,Cycling,78.7,
19115,15,12,Sat,AM,Strength,76.31,
19116,16,10,Fri,AM,Aqua,82.66,
19117,8,4,Tue,AM,Cycling,81.45,
19118,13,12,Sat,AM,Strength,82.28,
19119,6,12,Sat,AM,Yoga,79.9,
19120,12,2,Mon,AM,Aqua,78.05,
19121,4,14,Sun,AM,HIIT,103.25,
19122,4,4,Tue,AM,HIIT,86.88,
19123,7,12,Sat,AM,Cycling,103.46,
19124,4,10,Fri,AM,Cycling,75.82,
19125,3,4,Tue,AM,Aqua,97.88,
19126,13,2,Mon,AM,Aqua,77.83,
19127,6,8,Thu,PM,Yoga,89.99,
19128,25,10,Fri,AM,Cycling,82.15,
19129,20,8,Thu,AM,Aqua,70.41,
19130,7,16,Sun,PM,HIIT,82.81,
19131,17,10,Fri,AM,Cycling,59.56,
19132,26,2,Mon,AM,HIIT,74.57,
19133,3,2,Mon,AM,HIIT,86.08,
19134,21,6,Wed,AM,Cycling,66.49,
19135,9,8,Thu,PM,Strength,93.47,
19136,12,10,Fri,AM,HIIT,73.88,
19137,14,12,Sat,AM,HIIT,88.33,
19138,8,7,Thu,PM,Cycling,79.42,
19139,26,10,Fri,AM,HIIT,74.46,
19140,89,8,Thu,AM,HIIT,73.41,
19141,24,12,Sat,AM,Cycling,67.71,
19142,13,12,Sat,AM,Cycling,80.77,
19143,10,6,Wed,PM,Cycling,73.69,
19144,22,4,Tue,AM,HIIT,71.87,
19145,9,7,Wed,PM,Cycling,91.17,
19146,26,12,Sat,AM,Strength,63.81,
19147,5,2,Mon,AM,Strength,114.17,
19148,57,14,Sun,AM,Cycling,70.39,
19149,11,2,Mon,AM,Aqua,84.37,
19150,34,4,Tue,AM,HIIT,70.09,
19151,20,12,Sat,AM,Yoga,78.1,
19152,13,6,Wed,PM,Strength,81.01,
19153,6,4,Tue,PM,HIIT,87.32,
19154,4,14,Sun,AM,Strength,71.49,
19155,7,6,Wed,AM,HIIT,78.46,
19156,11,4,Tue,AM,HIIT,87.9,
19157,9,8,Thu,AM,Cycling,99.29,
19158,9,12,Sat,AM,HIIT,88.49,
19159,12,2,Mon,AM,HIIT,68.15,
19160,10,15,Sun,PM,HIIT,81.98,
19161,36,10,Fri,AM,HIIT,74.73,
19162,13,4,Tue,AM,HIIT,81.25,
19163,13,3,Tue,PM,Cycling,74.59,
19164,7,12,Sat,AM,HIIT,80.65,
19165,13,13,Sat,AM,Strength,78.52,
19166,18,12,Sat,AM,HIIT,66.05,
19167,13,4,Tue,AM,HIIT,95.72,
19168,23,1,Mon,PM,Cycling,94.94,
19169,5,11,Thu,PM,Yoga,90.51,
19170,5,14,Sun,AM,HIIT,82.61037837837839,
19171,11,10,Fri,AM,Cycling,83.92,
19172,15,12,Sat,AM,Yoga,81.12,
19173,20,10,Fri,AM,HIIT,66.67,
19174,12,7,Wed,PM,HIIT,97.1,
19175,14,4,Tue,AM,HIIT,85.49,
19176,20,8,Thu,AM,Cycling,91.6,
19177,14,8,Thu,AM,Strength,84.25,
19178,14,8,Thu,AM,HIIT,83.35,
19179,6,10,Fri,AM,Cycling,111.16,
19180,17,14,Sun,AM,HIIT,77.19,
19181,12,8,Thu,PM,HIIT,100.05,
19182,11,14,Sun,PM,Cycling,69.73,
19183,5,7,Wed,PM,HIIT,76.93,
19184,18,15,Sun,AM,Cycling,75.16,
19185,10,8,Thu,AM,HIIT,70.61,
19186,15,2,Mon,AM,Yoga,71.06,
19187,19,4,Tue,PM,Cycling,70.68,
19188,52,10,Fri,AM,Cycling,83.2,
19189,16,10,Fri,AM,Yoga,87.0,
19190,19,12,Sat,AM,Strength,67.86,
19191,11,5,Tue,PM,Cycling,97.87,
19192,14,14,Sun,AM,HIIT,68.47,
19193,13,3,Mon,AM,Yoga,71.22,
19194,7,13,Wed,PM,Cycling,97.55,
19195,6,14,Sun,AM,HIIT,85.36,
19196,13,10,Fri,AM,HIIT,96.94,
19197,27,12,Sat,AM,Cycling,76.99,
19198,23,12,Sat,AM,Cycling,74.94,
19199,20,14,Sun,AM,Cycling,83.41,
19200,19,8,Thu,AM,Strength,72.34,
19201,8,2,Mon,AM,HIIT,75.14,
19202,5,10,Fri,AM,Cycling,112.86,
19203,38,1,Mon,PM,HIIT,72.88,
19204,10,2,Mon,AM,Yoga,88.28,
19205,11,10,Fri,AM,HIIT,79.68,
19206,18,12,Sat,AM,Cycling,81.2,
19207,16,8,Thu,AM,Cycling,79.57,
19208,18,7,Wed,PM,Cycling,78.63,
19209,6,12,Sat,AM,Strength,93.79,
19210,38,4,Tue,AM,Strength,69.36,
19211,18,2,Mon,AM,HIIT,73.05,
19212,3,14,Sun,AM,Cycling,86.5,
19213,7,10,Thu,PM,Cycling,81.54,
19214,9,12,Sat,AM,HIIT,77.71,
19215,20,10,Fri,AM,HIIT,81.53,
19216,5,14,Sun,AM,Strength,88.39,
19217,5,2,Mon,AM,HIIT,94.46,
19218,7,6,Wed,PM,Strength,87.52,
19219,8,14,Sun,AM,Cycling,80.72,
19220,4,2,Mon,AM,Cycling,88.17,
19221,4,2,Mon,AM,Aqua,82.61037837837839,
19222,14,4,Tue,PM,Cycling,85.02,
19223,2,8,Thu,AM,HIIT,148.02,
19224,13,12,Sat,AM,Aqua,88.57,
19225,6,14,Sun,PM,HIIT,87.32,
19226,14,12,Sat,AM,Yoga,72.91,
19227,7,14,Sun,AM,Yoga,91.65,
19228,9,2,Mon,AM,Cycling,84.27,
19229,10,10,Fri,AM,Strength,97.99,
19230,4,8,Thu,AM,Strength,90.56,
19231,14,14,Sun,AM,HIIT,78.59,
19232,12,6,Tue,PM,Strength,92.47,
19233,7,10,Fri,AM,HIIT,97.56,
19234,44,2,Mon,AM,HIIT,69.88,
19235,14,7,Wed,PM,Strength,77.98,
19236,13,2,Mon,AM,Cycling,83.43,
19237,6,4,Tue,AM,HIIT,79.07,
19238,8,8,Thu,AM,HIIT,91.58,
19239,29,2,Mon,PM,Cycling,77.57,
19240,11,2,Mon,AM,Strength,115.18,
19241,5,14,Sun,AM,Strength,91.47,
19242,10,6,Wed,PM,Cycling,76.63,
19243,7,12,Sat,AM,HIIT,91.88,
19244,21,10,Fri,AM,HIIT,69.93,
19245,8,10,Fri,AM,Cycling,89.72,
19246,4,10,Fri,AM,HIIT,109.82,
19247,7,2,Mon,AM,HIIT,76.58,
19248,8,11,Sat,PM,Cycling,97.2,
19249,6,14,Sun,AM,Cycling,100.82,
19250,13,4,Tue,AM,HIIT,87.5,
19251,26,8,Thu,AM,HIIT,70.25,
19252,20,8,Thu,AM,Strength,76.69,
19253,17,8,Thu,AM,Cycling,67.71,
19254,7,10,Fri,AM,HIIT,90.14,
19255,19,14,Sun,AM,HIIT,70.41,
19256,8,7,Thu,PM,Cycling,73.98,
19257,15,2,Mon,AM,HIIT,71.29,
19258,35,8,Thu,AM,HIIT,63.28,
19259,8,8,Thu,AM,Others,84.64,
19260,10,10,Fri,AM,Strength,99.92,
19261,39,6,Wed,AM,Yoga,81.53,
19262,8,12,Sat,AM,Cycling,89.14,
19263,15,10,Fri,AM,HIIT,86.09,
19264,10,12,Sat,PM,HIIT,85.31,
19265,6,8,Thu,AM,Strength,96.07,
19266,15,14,Sun,AM,Yoga,96.49,
19267,13,14,Sun,AM,Cycling,81.79,
19268,7,12,Sat,AM,HIIT,86.7,
19269,21,12,Sat,PM,Strength,87.43,
19270,9,12,Sat,AM,Cycling,73.89,
19271,6,5,Tue,PM,Aqua,101.7,
19272,8,4,Tue,AM,HIIT,76.99,
19273,14,14,Sun,AM,HIIT,84.17,
19274,11,8,Thu,PM,HIIT,92.82,
19275,10,2,Mon,AM,Cycling,69.85,
19276,5,14,Sun,AM,Cycling,93.99,
19277,13,10,Fri,AM,Cycling,67.26,
19278,41,14,Sun,AM,Yoga,73.23,
19279,20,4,Tue,AM,HIIT,75.51,
19280,15,4,Tue,AM,Strength,66.77,
19281,11,4,Tue,PM,HIIT,78.77,
19282,21,10,Fri,AM,Cycling,83.6,
19283,13,8,Thu,AM,Cycling,92.71,
19284,11,6,Wed,PM,HIIT,88.32,
19285,7,12,Sat,AM,Others,90.6,
19286,5,10,Fri,AM,HIIT,101.1,
19287,18,12,Sat,AM,HIIT,70.39,
19288,6,12,Fri,PM,Cycling,91.61,
19289,29,10,Fri,AM,Yoga,72.52,
19290,19,10,Fri,AM,HIIT,71.64,
19291,11,2,Mon,AM,HIIT,78.65,
19292,57,10,Fri,AM,HIIT,69.95,
19293,5,8,Thu,AM,HIIT,99.3,
19294,17,13,Sat,AM,Yoga,69.39,
19295,29,10,Fri,AM,Cycling,86.05,
19296,6,4,Tue,AM,HIIT,116.26,
19297,6,6,Wed,AM,Strength,69.03,
19298,16,1,Mon,PM,Cycling,74.09,
19299,14,10,Fri,AM,HIIT,87.14,
19300,6,4,Tue,AM,Yoga,86.75,
19301,9,14,Sun,AM,Strength,75.91,
19302,36,1,Mon,PM,Cycling,77.6,
19303,38,14,Sun,AM,Cycling,68.1,
19304,10,2,Mon,AM,HIIT,88.89,
19305,3,12,Sat,PM,HIIT,124.3,
19306,5,8,Thu,AM,HIIT,135.18,
19307,12,8,Thu,AM,HIIT,67.59,
19308,12,10,Fri,AM,HIIT,79.07,
19309,47,10,Fri,AM,HIIT,69.81,
19310,6,11,Thu,PM,Cycling,113.32,
19311,58,11,Sat,PM,Strength,74.48,
19312,9,14,Sun,AM,Yoga,81.99,
19313,36,6,Wed,AM,Cycling,76.7,
19314,5,10,Fri,AM,HIIT,81.36,
19315,26,10,Fri,AM,HIIT,67.17,
19316,17,13,Sun,PM,HIIT,82.26,
19317,5,10,Fri,AM,HIIT,95.52,
19318,5,2,Mon,AM,Strength,92.65,
19319,21,2,Mon,AM,HIIT,71.45,
19320,8,6,Wed,AM,Cycling,105.82,
19321,7,14,Sun,AM,Cycling,94.23,
19322,10,8,Thu,AM,HIIT,90.65,
19323,8,4,Tue,AM,HIIT,84.64,
19324,9,10,Fri,AM,HIIT,62.72,
19325,15,5,Tue,PM,Strength,89.8,
19326,5,10,Fri,AM,Yoga,122.36,
19327,22,8,Thu,PM,HIIT,68.88,
19328,13,10,Fri,AM,HIIT,91.43,
19329,24,10,Fri,AM,Strength,75.74,
19330,26,6,Wed,AM,Cycling,75.31,
19331,20,2,Mon,AM,Strength,84.64,
19332,9,14,Sun,AM,HIIT,98.34,
19333,20,14,Sun,AM,HIIT,85.93,
19334,18,10,Fri,AM,Cycling,93.91,
19335,9,15,Sun,PM,Yoga,79.54,
19336,10,8,Thu,AM,Strength,91.73,
19337,14,1,Mon,PM,Aqua,82.61037837837839,
19338,10,2,Mon,AM,HIIT,88.58,
19339,39,11,Fri,AM,HIIT,77.84,
19340,66,5,Tue,AM,Aqua,61.01,
19341,48,10,Fri,AM,HIIT,82.1,
19342,7,4,Tue,PM,HIIT,64.63,
19343,20,4,Tue,AM,HIIT,76.14,
19344,10,10,Fri,AM,HIIT,79.89,
19345,5,10,Fri,AM,Yoga,96.85,
19346,9,14,Sun,AM,Strength,74.13,
19347,25,9,Thu,PM,Aqua,79.71,
19348,17,8,Thu,PM,Cycling,68.3,
19349,4,11,Fri,AM,Strength,89.38,
19350,10,8,Thu,AM,Cycling,89.19,
19351,7,2,Mon,AM,HIIT,77.96,
19352,7,8,Thu,AM,Cycling,77.92,
19353,11,12,Sat,AM,Cycling,76.3,
19354,27,12,Sat,AM,HIIT,67.79,
19355,9,12,Sat,AM,HIIT,73.42,
19356,17,4,Tue,PM,Yoga,71.49,
19357,14,6,Wed,PM,HIIT,71.04,
19358,20,8,Thu,PM,Cycling,79.93,
19359,11,14,Sun,AM,HIIT,88.93,
19360,7,8,Thu,AM,HIIT,80.38,
19361,14,2,Mon,AM,HIIT,86.68,
19362,5,8,Thu,AM,HIIT,100.08,
19363,5,2,Mon,PM,HIIT,90.34,
19364,8,12,Sat,AM,HIIT,89.81,
19365,8,14,Sun,AM,HIIT,73.28,
19366,15,14,Sun,AM,HIIT,104.35,
19367,14,13,Sun,PM,HIIT,72.28,
19368,6,2,Mon,PM,HIIT,72.56,
19369,5,8,Thu,AM,HIIT,100.69,
19370,8,7,Thu,PM,HIIT,89.39,
19371,6,4,Tue,PM,Cycling,104.74,
19372,7,5,Wed,PM,Cycling,73.19,
19373,24,3,Mon,AM,Yoga,65.01,
19374,25,10,Fri,AM,Yoga,73.09,
19375,10,10,Fri,AM,Yoga,86.22,
19376,19,10,Fri,AM,HIIT,79.44,
19377,20,4,Tue,AM,Cycling,71.28,
19378,9,7,Wed,PM,HIIT,96.53,
19379,19,10,Fri,PM,HIIT,77.58,
19380,7,2,Mon,AM,HIIT,100.32,
19381,6,10,Thu,PM,Aqua,100.43,
19382,5,3,Tue,PM,Strength,94.55,
19383,7,13,Sun,PM,HIIT,95.71,
19384,12,14,Sun,AM,Cycling,75.1,
19385,32,12,Sat,AM,Cycling,74.37,
19386,73,2,Mon,AM,HIIT,66.5,
19387,41,4,Tue,AM,HIIT,69.26,
19388,33,8,Thu,AM,HIIT,81.68,
19389,7,10,Fri,AM,Cycling,81.38,
19390,21,4,Tue,AM,HIIT,73.59,
19391,22,10,Fri,AM,Strength,71.52,
19392,13,8,Thu,AM,HIIT,98.72,
19393,28,4,Tue,AM,Strength,72.4,
19394,10,10,Fri,AM,HIIT,89.43,
19395,14,12,Sat,AM,HIIT,90.07,
19396,8,12,Sat,AM,Strength,75.28,
19397,10,14,Sun,AM,HIIT,96.42,
19398,7,10,Fri,AM,HIIT,89.32,
19399,45,4,Tue,AM,HIIT,73.82,
19400,33,10,Fri,AM,HIIT,82.2,
19401,11,14,Sun,PM,Strength,69.2,
19402,12,8,Thu,AM,Strength,86.94,
19403,6,2,Mon,AM,Strength,74.58,
19404,11,10,Fri,AM,HIIT,86.49,
19405,21,10,Fri,AM,HIIT,65.79,
19406,43,8,Thu,AM,HIIT,63.19,
19407,11,9,Thu,AM,HIIT,82.61037837837839,
19408,9,8,Thu,AM,HIIT,88.9,
19409,17,7,Thu,PM,HIIT,81.36,
19410,7,12,Sat,AM,HIIT,88.76,
19411,28,2,Mon,AM,Strength,76.94,
19412,9,12,Sat,AM,HIIT,73.43,
19413,30,10,Fri,AM,HIIT,62.93,
19414,8,10,Fri,AM,HIIT,76.09,
19415,14,2,Mon,AM,Strength,82.03,
19416,4,14,Sun,AM,Strength,93.8,
19417,33,4,Tue,PM,Cycling,74.65,
19418,32,2,Mon,AM,Strength,73.05,
19419,10,2,Mon,AM,HIIT,92.9,
19420,3,10,Fri,AM,Cycling,105.26,
19421,15,2,Mon,AM,Strength,60.48,
19422,18,4,Tue,AM,Cycling,91.96,
19423,9,14,Sun,PM,HIIT,118.89,
19424,9,12,Sat,AM,HIIT,81.29,
19425,13,4,Tue,AM,HIIT,89.18,
19426,6,14,Sun,AM,HIIT,88.92,
19427,17,14,Sun,AM,HIIT,86.76,
19428,24,15,Sun,AM,HIIT,69.93,
19429,33,10,Fri,AM,Strength,65.48,
19430,6,10,Fri,AM,HIIT,93.61,
19431,6,5,Tue,PM,HIIT,93.9,
19432,13,11,Sat,PM,Cycling,66.22,
19433,11,12,Thu,PM,Cycling,85.85,
19434,20,10,Fri,AM,Strength,98.05,
19435,11,12,Sat,AM,HIIT,78.56,
19436,5,2,Mon,AM,Others,101.35,
19437,26,13,Sat,PM,HIIT,103.79,
19438,8,2,Mon,AM,Cycling,86.4,
19439,33,15,Sun,AM,HIIT,83.91,
19440,12,2,Mon,PM,Cycling,81.96,
19441,16,4,Tue,AM,HIIT,76.97,
19442,7,2,Mon,AM,Cycling,73.95,
19443,15,4,Tue,AM,Cycling,100.25,
19444,9,10,Thu,PM,HIIT,107.75,
19445,61,10,Fri,AM,HIIT,73.69,
19446,14,6,Wed,PM,HIIT,78.42,
19447,7,2,Mon,AM,HIIT,95.77,
19448,48,10,Fri,AM,HIIT,65.02,
19449,5,10,Fri,AM,HIIT,111.45,
19450,6,8,Wed,PM,HIIT,80.26,
19451,9,4,Tue,PM,Strength,86.65,
19452,13,8,Thu,AM,HIIT,93.42,
19453,12,4,Tue,AM,Strength,65.59,
19454,10,13,Sat,AM,Cycling,87.93,
19455,19,10,Fri,AM,Cycling,73.83,
19456,13,14,Sun,PM,Yoga,71.74,
19457,6,8,Thu,AM,Yoga,73.63,
19458,38,2,Mon,AM,HIIT,74.23,
19459,6,14,Sat,PM,HIIT,90.6,
19460,19,10,Fri,AM,HIIT,61.77,
19461,12,17,Sun,PM,Aqua,62.92,
19462,23,4,Tue,AM,Cycling,85.39,
19463,9,14,Sun,AM,Cycling,100.55,
19464,16,2,Mon,AM,Cycling,90.05,
19465,21,14,Sun,AM,HIIT,64.96,
19466,7,14,Sun,AM,HIIT,92.87,
19467,9,14,Sun,AM,Strength,97.62,
19468,14,10,Fri,AM,Cycling,79.4,
19469,8,12,Sat,AM,HIIT,77.18,
19470,12,10,Fri,AM,Cycling,86.26,
19471,11,10,Fri,AM,Cycling,87.41,
19472,3,14,Sun,AM,HIIT,86.95,
19473,6,4,Tue,AM,HIIT,100.13,
19474,20,6,Wed,AM,Cycling,76.53,
19475,50,2,Mon,AM,Cycling,68.92,
19476,4,2,Mon,AM,Yoga,117.81,
19477,15,14,Sun,AM,HIIT,72.38,
19478,9,10,Fri,AM,HIIT,104.31,
19479,14,10,Fri,AM,Cycling,87.57,
19480,11,8,Thu,AM,HIIT,80.36,
19481,5,13,Sun,PM,Strength,89.14,
19482,16,9,Wed,PM,HIIT,83.92,
19483,17,8,Thu,AM,HIIT,92.08,
19484,11,10,Fri,AM,Strength,78.02,
19485,10,4,Tue,PM,HIIT,85.15,
19486,22,2,Mon,AM,Aqua,92.92,
19487,16,8,Thu,AM,HIIT,73.52,
19488,15,6,Wed,AM,HIIT,92.56,
19489,20,10,Fri,AM,HIIT,67.33,
19490,34,10,Fri,AM,Cycling,63.04,
19491,19,3,Tue,PM,Cycling,75.78,
19492,6,10,Fri,AM,HIIT,98.24,
19493,16,10,Fri,AM,HIIT,81.66,
19494,7,2,Mon,AM,Aqua,78.08,
19495,19,8,Thu,PM,HIIT,79.09,
19496,8,10,Wed,PM,Cycling,75.74,
19497,28,14,Sun,AM,Others,83.59,
19498,40,10,Fri,AM,Yoga,71.78,
19499,14,14,Sun,AM,Yoga,94.11,
19500,65,11,Sat,PM,Strength,81.81,
19501,6,8,Thu,AM,HIIT,92.37,
19502,15,10,Fri,AM,Yoga,87.87,
19503,5,12,Sat,AM,Cycling,120.58,
19504,33,14,Sun,AM,Strength,65.27,
19505,8,3,Tue,PM,HIIT,78.59,
19506,19,10,Fri,AM,HIIT,62.4,
19507,19,10,Fri,AM,Yoga,74.67,
19508,6,12,Sat,AM,Cycling,101.17,
19509,18,8,Thu,AM,Cycling,79.35,
19510,5,12,Sat,AM,Strength,82.61037837837839,
19511,13,6,Wed,AM,Strength,71.99,
19512,21,12,Sat,AM,Strength,74.06,
19513,12,2,Mon,AM,HIIT,72.51,
19514,8,2,Mon,AM,Aqua,96.19,
19515,55,4,Tue,AM,HIIT,73.66,
19516,12,12,Sat,AM,Cycling,75.48,
19517,29,12,Sat,AM,HIIT,71.22,
19518,22,4,Tue,PM,HIIT,83.28,
19519,21,9,Thu,AM,Cycling,82.87,
19520,22,7,Thu,PM,Cycling,74.67,
19521,20,14,Sun,AM,Aqua,69.43,
19522,12,10,Fri,AM,HIIT,78.39,
19523,13,8,Thu,AM,Yoga,78.87,
19524,29,8,Thu,PM,HIIT,68.63,
19525,6,14,Sun,AM,Strength,119.63,
19526,29,8,Thu,PM,Cycling,74.22,
19527,9,10,Fri,AM,Yoga,84.72,
19528,5,10,Fri,AM,Cycling,91.71,
19529,19,12,Sat,AM,Strength,79.35,
19530,21,8,Thu,AM,HIIT,98.24,
19531,2,6,Wed,AM,HIIT,79.12,
19532,39,4,Tue,AM,Strength,61.42,
19533,12,2,Mon,AM,Cycling,73.33,
19534,50,11,Sat,PM,HIIT,71.86,
19535,9,8,Thu,PM,Cycling,81.55,
19536,13,2,Mon,AM,HIIT,78.54,
19537,14,10,Fri,AM,HIIT,69.48,
19538,29,11,Sat,PM,HIIT,69.87,
19539,24,4,Tue,AM,HIIT,65.4,
19540,45,4,Tue,AM,Aqua,73.9,
19541,12,12,Sat,AM,Strength,91.48,
19542,3,14,Sun,AM,HIIT,78.67,
19543,19,6,Wed,PM,Cycling,92.99,
19544,14,10,Fri,AM,HIIT,76.24,
19545,38,6,Wed,AM,Cycling,77.43,
19546,25,15,Sun,PM,Cycling,87.35,
19547,6,8,Mon,PM,HIIT,93.32,
19548,3,14,Sun,AM,Yoga,170.52,
19549,23,14,Sun,AM,Yoga,74.51,
19550,17,6,Wed,PM,Cycling,84.22,
19551,9,14,Sun,AM,HIIT,110.07,
19552,12,12,Sat,AM,HIIT,78.44,
19553,19,12,Sat,AM,Aqua,76.8,
19554,15,3,Mon,AM,Cycling,69.83,
19555,10,14,Sun,AM,Cycling,82.74,
19556,4,8,Thu,AM,Strength,102.47,
19557,8,3,Mon,AM,Strength,73.85,
19558,41,10,Fri,AM,HIIT,72.5,
19559,5,12,Sat,AM,Others,103.17,
19560,10,8,Thu,PM,HIIT,83.71,
19561,6,4,Tue,AM,HIIT,88.74,
19562,15,15,Sun,AM,HIIT,80.04,
19563,7,12,Sat,AM,Cycling,81.37,
19564,3,14,Sun,AM,Strength,102.97,
19565,24,5,Tue,PM,HIIT,79.64,
19566,12,4,Tue,AM,Yoga,82.08,
19567,8,14,Sun,AM,Cycling,93.09,
19568,4,2,Mon,AM,Yoga,87.26,
19569,22,8,Thu,AM,Yoga,64.66,
19570,27,10,Fri,AM,Cycling,77.96,
19571,6,8,Thu,AM,Cycling,92.29,
19572,23,2,Mon,AM,Cycling,84.66,
19573,6,4,Tue,PM,Cycling,101.59,
19574,3,10,Fri,AM,HIIT,94.44,
19575,31,2,Mon,AM,HIIT,65.71,
19576,12,10,Fri,AM,Strength,80.07,
19577,6,4,Tue,PM,Cycling,100.76,
19578,11,2,Mon,AM,Cycling,90.45,
19579,36,12,Sat,AM,Cycling,72.07,
19580,12,10,Fri,AM,Strength,96.19,
19581,11,4,Tue,AM,HIIT,69.41,
19582,20,8,Thu,AM,Cycling,83.84,
19583,6,12,Sat,AM,Cycling,80.45,
19584,17,4,Tue,AM,Strength,83.45,
19585,4,12,Sat,AM,HIIT,78.62,
19586,13,4,Tue,AM,Cycling,98.58,
19587,16,13,Sat,PM,Cycling,70.3,
19588,13,8,Thu,AM,HIIT,112.39,
19589,7,8,Thu,AM,HIIT,82.61037837837839,
19590,8,2,Mon,AM,Others,81.56,
19591,17,2,Mon,AM,HIIT,101.27,
19592,9,12,Sat,AM,Strength,73.8,
19593,52,4,Tue,AM,Aqua,58.24,
19594,18,12,Sat,AM,Yoga,78.68,
19595,39,2,Mon,AM,Cycling,76.59,
19596,10,10,Fri,AM,Yoga,75.19,
19597,11,10,Wed,PM,HIIT,82.61037837837839,
19598,15,8,Thu,PM,HIIT,76.65,
19599,20,10,Fri,AM,Cycling,78.86,
19600,25,2,Mon,AM,HIIT,74.67,
19601,22,10,Fri,AM,Aqua,66.78,
19602,7,2,Mon,AM,Yoga,98.71,
19603,7,14,Sun,AM,Yoga,81.46,
19604,6,8,Thu,PM,Cycling,71.74,
19605,5,7,Wed,AM,HIIT,78.28,
19606,20,8,Thu,AM,HIIT,75.03,
19607,8,2,Mon,AM,HIIT,92.16,
19608,8,13,Sat,PM,HIIT,93.36,
19609,8,8,Thu,AM,Strength,90.22,
19610,7,14,Sun,AM,HIIT,79.14,
19611,12,12,Sat,AM,Cycling,89.83,
19612,14,6,Wed,AM,HIIT,74.33,
19613,13,12,Sat,AM,Aqua,75.8,
19614,24,15,Sun,PM,HIIT,68.93,
19615,10,2,Mon,AM,Aqua,105.54,
19616,5,2,Mon,AM,Cycling,107.38,
19617,7,2,Mon,AM,HIIT,82.96,
19618,7,9,Thu,PM,Yoga,121.38,
19619,21,10,Fri,AM,Cycling,68.06,
19620,39,6,Wed,PM,Strength,74.52,
19621,14,8,Thu,AM,Cycling,70.29,
19622,13,8,Thu,AM,HIIT,71.55,
19623,20,10,Fri,AM,Cycling,76.03,
19624,5,10,Fri,AM,HIIT,110.13,
19625,11,14,Sun,AM,HIIT,71.35,
19626,11,10,Fri,AM,HIIT,77.92,
19627,16,10,Fri,AM,HIIT,71.48,
19628,16,10,Fri,AM,Cycling,81.34,
19629,6,12,Sat,AM,HIIT,92.03,
19630,25,15,Sun,PM,Cycling,84.04,
19631,6,13,Sun,PM,Strength,104.78,
19632,2,7,Thu,PM,Aqua,88.22,
19633,18,8,Thu,AM,HIIT,61.4,
19634,13,10,Fri,AM,Strength,80.89,
19635,8,2,Mon,PM,Cycling,88.98,
19636,10,5,Tue,PM,HIIT,82.61037837837839,
19637,15,12,Sat,AM,Strength,85.42,
19638,18,2,Mon,AM,Cycling,74.33,
19639,23,2,Mon,AM,HIIT,70.26,
19640,7,10,Fri,AM,Strength,97.76,
19641,18,8,Thu,AM,Cycling,74.69,
19642,9,15,Sun,PM,Yoga,80.3,
19643,12,2,Mon,AM,HIIT,80.56,
19644,10,8,Thu,AM,HIIT,76.13,
19645,13,12,Wed,PM,HIIT,77.37,
19646,4,7,Wed,AM,Cycling,91.43,
19647,11,2,Mon,AM,Cycling,76.97,
19648,9,10,Fri,AM,Cycling,87.62,
19649,13,10,Fri,AM,Strength,76.75,
19650,10,14,Sun,AM,Cycling,81.47,
19651,17,10,Fri,AM,Yoga,98.6,
19652,15,14,Sun,PM,HIIT,79.43,
19653,12,10,Fri,AM,HIIT,77.72,
19654,22,14,Sun,AM,HIIT,73.51,
19655,36,6,Wed,AM,Cycling,65.78,
19656,25,4,Tue,AM,HIIT,70.57,
19657,6,2,Mon,AM,Yoga,98.75,
19658,10,5,Wed,PM,HIIT,82.86,
19659,19,14,Sun,PM,Yoga,64.09,
19660,5,10,Fri,AM,Strength,71.81,
19661,4,12,Sat,AM,HIIT,102.92,
19662,7,8,Thu,AM,Strength,80.18,
19663,19,12,Sat,AM,Cycling,74.11,
19664,18,14,Sun,AM,Yoga,78.39,
19665,22,6,Wed,AM,Cycling,73.72,
19666,14,5,Tue,PM,Strength,75.69,
19667,22,10,Fri,AM,Yoga,85.12,
19668,25,4,Tue,AM,Cycling,79.99,
19669,6,4,Tue,AM,HIIT,95.82,
19670,10,10,Fri,AM,Cycling,88.47,
19671,28,4,Tue,AM,Strength,64.23,
19672,17,12,Sat,AM,Yoga,72.14,
19673,22,2,Mon,AM,Strength,63.16,
19674,7,3,Tue,PM,Cycling,78.28,
19675,21,2,Mon,AM,Strength,83.77,
19676,2,12,Sat,AM,Yoga,113.93,
19677,18,14,Sun,AM,Strength,70.63,
19678,7,10,Fri,AM,HIIT,75.56,
19679,11,2,Mon,PM,HIIT,88.68,
19680,6,6,Wed,PM,HIIT,101.8,
19681,3,2,Mon,PM,HIIT,95.73,
19682,14,2,Mon,AM,Aqua,84.82,
19683,23,2,Mon,PM,Aqua,74.79,
19684,4,7,Wed,AM,HIIT,123.9,
19685,14,7,Thu,PM,Yoga,73.37,
19686,25,12,Sat,PM,Aqua,71.39,
19687,12,10,Fri,AM,HIIT,93.43,
19688,14,10,Fri,AM,Aqua,80.54,
19689,10,2,Mon,AM,HIIT,85.67,
19690,6,4,Tue,AM,Cycling,83.98,
19691,10,10,Wed,PM,HIIT,66.72,
19692,12,2,Mon,PM,Strength,102.84,
19693,15,2,Mon,AM,HIIT,88.18,
19694,5,4,Tue,AM,Cycling,84.22,
19695,10,10,Fri,AM,Aqua,91.94,
19696,7,9,Thu,PM,HIIT,84.64,
19697,12,12,Sat,AM,HIIT,72.0,
19698,8,12,Sat,PM,Aqua,68.34,
19699,16,5,Wed,PM,Aqua,65.81,
19700,43,14,Sun,AM,HIIT,72.42,
19701,9,8,Thu,AM,Strength,86.95,
19702,19,2,Mon,AM,HIIT,103.99,
19703,7,15,Sun,AM,Cycling,74.35,
19704,15,10,Fri,AM,Cycling,68.26,
19705,20,13,Sat,AM,HIIT,80.4,
19706,8,8,Thu,AM,HIIT,93.5,
19707,22,2,Mon,AM,Cycling,73.15,
19708,7,4,Tue,AM,HIIT,104.27,
19709,16,8,Thu,AM,Cycling,83.93,
19710,97,2,Mon,AM,HIIT,65.69,
19711,12,8,Thu,PM,Cycling,77.36,
19712,9,14,Sun,AM,Cycling,86.87,
19713,5,3,Tue,PM,HIIT,112.43,
19714,9,10,Thu,PM,HIIT,82.14,
19715,6,3,Tue,PM,Cycling,95.66,
19716,12,2,Mon,AM,HIIT,68.82,
19717,7,4,Tue,AM,HIIT,92.39,
19718,6,9,Thu,PM,Cycling,89.52,
19719,4,7,Thu,PM,Cycling,82.61037837837839,
19720,10,6,Wed,PM,Cycling,70.79,
19721,15,4,Tue,AM,Cycling,83.72,
19722,8,12,Thu,PM,Yoga,91.17,
19723,15,6,Wed,PM,HIIT,72.35,
19724,5,8,Thu,AM,Yoga,108.14,
19725,13,7,Wed,PM,Cycling,75.62,
19726,22,10,Fri,AM,Aqua,80.87,
19727,5,11,Fri,AM,Cycling,85.46,
19728,9,10,Fri,AM,HIIT,95.9,
19729,4,4,Tue,AM,Cycling,89.51,
19730,4,13,Sun,PM,HIIT,92.01,
19731,16,15,Thu,PM,HIIT,87.89,
19732,13,10,Fri,AM,HIIT,86.73,
19733,21,8,Thu,AM,Aqua,74.69,
19734,20,14,Sun,AM,HIIT,73.04,
19735,6,14,Sun,AM,Cycling,113.19,
19736,41,8,Thu,AM,HIIT,73.9,
19737,2,2,Mon,AM,Cycling,120.81,
19738,10,3,Mon,AM,Strength,83.37,
19739,18,7,Wed,PM,Cycling,87.7,
19740,13,4,Tue,PM,Cycling,77.89,
19741,1,12,Fri,PM,Yoga,112.5,
19742,13,6,Wed,PM,HIIT,73.16,
19743,23,8,Thu,AM,Strength,82.96,
19744,17,4,Tue,PM,Cycling,80.49,
19745,5,12,Sat,AM,HIIT,71.91,
19746,27,9,Thu,PM,Yoga,75.63,
19747,7,8,Thu,AM,Yoga,100.89,
19748,6,14,Sun,AM,Cycling,75.8,
19749,13,12,Sat,AM,Aqua,70.49,
19750,20,14,Sun,AM,HIIT,66.31,
19751,6,14,Sun,AM,HIIT,102.68,
19752,19,13,Sat,PM,Cycling,79.19,
19753,23,5,Tue,PM,Cycling,83.65,
19754,7,10,Fri,AM,Cycling,90.83,
19755,6,14,Sun,AM,Strength,77.55,
19756,11,14,Sun,AM,HIIT,87.13,
19757,11,2,Mon,PM,HIIT,76.69,
19758,13,10,Fri,AM,HIIT,92.64,
19759,19,3,Tue,PM,Strength,82.38,
19760,5,15,Fri,PM,Strength,83.85,
19761,32,10,Thu,PM,Strength,69.71,
19762,11,8,Thu,AM,Strength,68.33,
19763,17,12,Sat,PM,HIIT,90.19,
19764,27,8,Thu,PM,HIIT,62.32,
19765,9,12,Sat,AM,HIIT,79.91,
19766,4,14,Sun,AM,Cycling,102.62,
19767,9,10,Fri,AM,HIIT,87.94,
19768,23,10,Fri,AM,HIIT,73.8,
19769,8,6,Wed,AM,Cycling,84.11,
19770,8,12,Sat,AM,Aqua,99.26,
19771,5,2,Mon,AM,HIIT,110.25,
19772,7,15,Sun,PM,Aqua,90.71,
19773,19,3,Tue,PM,Cycling,79.46,
19774,4,12,Sat,AM,Strength,86.59,
19775,31,14,Sun,AM,Cycling,70.14,
19776,24,10,Fri,AM,Cycling,72.74,
19777,7,2,Mon,AM,Strength,78.74,
19778,8,10,Fri,AM,Yoga,94.26,
19779,9,6,Wed,PM,Strength,78.28,
19780,20,12,Sat,AM,Cycling,65.61,
19781,12,4,Tue,AM,Strength,89.71,
19782,13,4,Tue,PM,HIIT,78.43,
19783,22,2,Mon,AM,Strength,61.15,
19784,4,14,Sun,AM,Strength,109.66,
19785,11,5,Wed,PM,Cycling,82.61037837837839,
19786,11,15,Sun,PM,HIIT,114.87,
19787,17,8,Thu,AM,HIIT,68.55,
19788,36,4,Mon,PM,HIIT,58.42,
19789,12,2,Mon,AM,HIIT,78.79,
19790,12,9,Thu,PM,HIIT,88.38,
19791,10,4,Tue,PM,Strength,75.63,
19792,8,2,Mon,AM,HIIT,72.67,
19793,4,14,Sun,AM,Strength,82.25,
19794,33,14,Sun,AM,Cycling,73.91,
19795,9,2,Mon,AM,HIIT,69.62,
19796,32,2,Mon,AM,HIIT,67.75,
19797,21,10,Fri,AM,HIIT,78.47,
19798,14,8,Mon,PM,HIIT,75.73,
19799,11,4,Tue,AM,Cycling,85.33,
19800,55,5,Tue,PM,Cycling,67.57,
19801,10,10,Fri,AM,HIIT,101.37,
19802,13,14,Sun,AM,HIIT,92.63,
19803,15,14,Sun,AM,HIIT,78.13,
19804,11,15,Sun,AM,Yoga,66.38,
19805,5,8,Thu,AM,Cycling,84.93,
19806,18,13,Sat,PM,Cycling,96.81,
19807,7,10,Fri,AM,HIIT,78.69,
19808,23,12,Sat,AM,HIIT,86.62,
19809,6,12,Sat,AM,Cycling,70.71,
19810,37,15,Sun,AM,Strength,73.62,
19811,5,14,Sun,PM,HIIT,115.91,
19812,7,14,Sun,AM,Cycling,80.6,
19813,7,4,Tue,PM,Aqua,97.28,
19814,8,4,Tue,AM,Cycling,95.86,
19815,39,8,Thu,AM,HIIT,60.46,
19816,8,2,Mon,AM,HIIT,85.28,
19817,14,6,Wed,PM,HIIT,68.83,
19818,12,5,Wed,PM,Yoga,67.23,
19819,14,11,Fri,AM,Cycling,79.27,
19820,4,8,Thu,PM,HIIT,96.79,
19821,17,7,Thu,PM,HIIT,72.1,
19822,5,4,Tue,AM,Yoga,92.58,
19823,57,9,Thu,PM,HIIT,68.87,
19824,17,8,Thu,AM,Cycling,68.89,
19825,31,10,Thu,PM,Strength,64.05,
19826,16,8,Thu,AM,Strength,80.54,
19827,9,10,Fri,AM,Yoga,82.62,
19828,5,2,Mon,AM,Cycling,93.5,
19829,8,2,Mon,AM,HIIT,105.3,
19830,19,10,Fri,AM,Strength,68.33,
19831,12,6,Wed,AM,Strength,78.93,
19832,13,10,Fri,AM,Strength,72.14,
19833,7,2,Mon,AM,Strength,81.92,
19834,2,10,Fri,AM,HIIT,106.35,
19835,29,8,Thu,PM,HIIT,82.61037837837839,
19836,13,10,Fri,AM,HIIT,83.12,
19837,9,12,Sat,PM,HIIT,90.76,
19838,14,8,Thu,PM,HIIT,85.6,
19839,30,7,Wed,PM,Yoga,74.91,
19840,24,14,Sun,AM,Strength,76.25,
19841,22,12,Sat,AM,Cycling,67.24,
19842,26,12,Sat,AM,Yoga,84.52,
19843,9,2,Mon,AM,Cycling,91.27,
19844,28,8,Thu,PM,HIIT,82.61037837837839,
19845,19,5,Tue,PM,Cycling,72.1,
19846,28,10,Fri,AM,Aqua,62.02,
19847,12,4,Tue,PM,HIIT,107.34,
19848,4,2,Mon,AM,HIIT,108.35,
19849,28,8,Thu,AM,HIIT,68.42,
19850,11,10,Fri,AM,Strength,90.72,
19851,8,4,Tue,AM,HIIT,89.73,
19852,11,4,Tue,PM,HIIT,94.38,
19853,8,6,Wed,AM,Cycling,118.88,
19854,9,4,Tue,AM,HIIT,76.1,
19855,4,14,Sun,AM,HIIT,116.17,
19856,9,8,Thu,PM,Cycling,100.57,
19857,6,10,Fri,AM,Cycling,107.06,
19858,18,4,Tue,AM,HIIT,79.71,
19859,14,14,Sun,AM,HIIT,95.6,
19860,6,4,Tue,AM,Cycling,98.25,
19861,4,8,Thu,AM,Aqua,97.91,
19862,13,2,Mon,AM,HIIT,95.46,
19863,7,14,Sun,AM,Cycling,81.29,
19864,10,4,Tue,AM,HIIT,85.44,
19865,8,12,Sat,AM,Strength,84.78,
19866,11,3,Mon,AM,HIIT,80.16,
19867,6,8,Thu,AM,HIIT,77.02,
19868,22,2,Mon,AM,HIIT,72.47,
19869,37,14,Sun,AM,Cycling,78.84,
19870,17,10,Fri,AM,Cycling,87.69,
19871,3,8,Thu,AM,HIIT,98.39,
19872,12,13,Sat,PM,Strength,77.86,
19873,20,5,Wed,PM,HIIT,78.85,
19874,11,10,Fri,AM,Others,68.87,
19875,11,10,Fri,AM,Cycling,75.72,
19876,11,4,Tue,AM,Strength,85.39,
19877,8,5,Wed,PM,Cycling,85.87,
19878,24,2,Mon,AM,HIIT,78.37,
19879,8,6,Wed,PM,Cycling,84.76,
19880,10,10,Fri,AM,Cycling,80.48,
19881,14,2,Mon,AM,Cycling,70.03,
19882,30,10,Fri,AM,Cycling,66.57,
19883,39,10,Fri,AM,HIIT,72.72,
19884,16,14,Sun,AM,HIIT,77.38,
19885,25,2,Mon,AM,Yoga,69.54,
19886,11,2,Mon,AM,Strength,87.59,
19887,5,11,Fri,PM,Yoga,92.73,
19888,15,12,Sat,AM,Cycling,73.13,
19889,5,8,Thu,AM,Cycling,102.23,
19890,16,10,Fri,AM,Strength,80.51,
19891,27,2,Mon,AM,HIIT,64.44,
19892,7,8,Thu,AM,HIIT,99.82,
19893,11,7,Wed,PM,Cycling,89.04,
19894,14,4,Tue,AM,HIIT,75.22,
19895,3,14,Sun,AM,HIIT,92.28,
19896,8,7,Wed,PM,Cycling,71.45,
19897,6,2,Mon,AM,Cycling,99.08,
19898,27,14,Sun,AM,Yoga,66.27,
19899,6,8,Thu,AM,HIIT,98.74,
19900,13,10,Fri,AM,Strength,84.03,
19901,43,7,Tue,PM,Strength,75.68,
19902,5,11,Thu,PM,Cycling,72.36,
19903,34,15,Sun,PM,HIIT,72.59,
19904,13,15,Sun,PM,Cycling,108.49,
19905,66,12,Sat,AM,Strength,74.76,
19906,6,8,Thu,AM,Yoga,87.67,
19907,11,14,Sun,PM,Aqua,98.58,
19908,14,10,Fri,AM,HIIT,87.44,
19909,44,6,Wed,AM,Yoga,67.44,
19910,16,4,Tue,AM,Cycling,84.73,
19911,12,2,Mon,AM,HIIT,70.37,
19912,21,2,Mon,AM,HIIT,84.98,
19913,2,12,Sat,PM,HIIT,103.2,
19914,7,16,Sun,PM,Yoga,105.02,
19915,5,14,Sun,AM,Aqua,82.28,
19916,18,2,Mon,AM,HIIT,75.51,
19917,20,14,Sun,AM,Strength,79.56,
19918,27,10,Fri,AM,Yoga,74.64,
19919,5,14,Sun,AM,HIIT,113.01,
19920,13,10,Fri,AM,HIIT,82.63,
19921,15,14,Sun,AM,HIIT,88.37,
19922,10,10,Fri,AM,Strength,83.46,
19923,15,8,Thu,AM,HIIT,101.58,
19924,8,10,Fri,AM,HIIT,86.87,
19925,9,10,Fri,AM,HIIT,89.78,
19926,6,7,Wed,PM,HIIT,105.3,
19927,7,10,Fri,AM,HIIT,73.57,
19928,11,14,Sun,AM,Strength,70.23,
19929,12,12,Sat,AM,Cycling,113.45,
19930,37,11,Sat,PM,HIIT,82.61037837837839,
19931,15,10,Fri,AM,HIIT,79.93,
19932,9,2,Mon,AM,HIIT,81.36,
19933,6,12,Sat,AM,HIIT,95.25,
19934,13,14,Sun,PM,HIIT,76.99,
19935,19,10,Fri,AM,Strength,76.36,
19936,2,3,Tue,PM,Strength,107.87,
19937,17,6,Wed,PM,HIIT,77.38,
19938,12,2,Mon,AM,Strength,60.28,
19939,25,4,Tue,PM,Strength,71.24,
19940,36,10,Fri,AM,HIIT,66.3,
19941,15,12,Sat,AM,Cycling,82.72,
19942,15,4,Tue,AM,HIIT,81.13,
19943,11,10,Fri,AM,Cycling,106.15,
19944,16,13,Sun,PM,Cycling,76.18,
19945,7,7,Thu,PM,Strength,83.9,
19946,15,12,Sat,AM,Strength,74.44,
19947,7,10,Fri,AM,Strength,97.03,
19948,10,4,Tue,AM,Cycling,75.94,
19949,12,10,Fri,AM,Aqua,72.15,
19950,5,3,Tue,PM,Strength,76.18,
19951,20,10,Fri,AM,Cycling,90.68,
19952,3,8,Thu,AM,HIIT,88.66,
19953,7,14,Sun,AM,HIIT,112.71,
19954,30,9,Fri,PM,Cycling,65.6,
19955,39,12,Sat,AM,HIIT,86.12,
19956,15,6,Wed,AM,Yoga,70.98,
19957,11,6,Wed,AM,Cycling,83.37,
19958,47,12,Sat,AM,Yoga,71.17,
19959,13,10,Fri,AM,Others,77.43,
19960,16,11,Fri,AM,Aqua,79.54,
19961,65,12,Sat,AM,HIIT,60.62,
19962,7,7,Wed,PM,Strength,77.76,
19963,5,4,Tue,AM,HIIT,81.07,
19964,11,4,Tue,PM,HIIT,106.25,
19965,18,10,Fri,AM,HIIT,68.84,
19966,14,8,Thu,AM,Cycling,69.0,
19967,8,10,Fri,AM,HIIT,86.34,
19968,7,3,Mon,AM,Cycling,79.69,
19969,9,14,Sun,AM,Yoga,75.46,
19970,14,12,Sat,AM,Cycling,73.31,
19971,15,6,Wed,AM,HIIT,65.47,
19972,9,8,Thu,AM,HIIT,69.85,
19973,3,8,Thu,AM,Cycling,127.59,
19974,16,8,Thu,AM,Cycling,82.61037837837839,
19975,30,10,Fri,AM,HIIT,66.24,
19976,7,4,Tue,AM,HIIT,79.29,
19977,42,10,Fri,AM,HIIT,64.79,
19978,6,8,Thu,PM,Aqua,84.71,
19979,19,4,Tue,AM,Cycling,82.98,
19980,5,2,Mon,AM,HIIT,84.07,
19981,13,8,Thu,AM,Yoga,73.96,
19982,14,8,Thu,AM,HIIT,69.96,
19983,15,14,Sun,AM,HIIT,80.28,
19984,8,7,Thu,PM,Strength,79.83,
19985,15,10,Fri,AM,Cycling,77.2,
19986,17,4,Tue,AM,HIIT,69.11,
19987,31,14,Sun,AM,Cycling,66.13,
19988,19,3,Mon,AM,HIIT,84.1,
19989,29,14,Sun,AM,Strength,68.39,
19990,26,12,Sat,AM,Cycling,74.59,
19991,13,14,Sun,PM,Strength,101.34,
19992,25,5,Tue,PM,HIIT,65.79,
19993,25,4,Tue,AM,HIIT,72.79,
19994,10,8,Thu,AM,HIIT,91.96,
19995,9,1,Mon,PM,HIIT,75.12,
19996,5,4,Tue,AM,Yoga,89.44,
19997,15,14,Sun,AM,Aqua,88.75,
19998,11,6,Wed,AM,Cycling,89.99,
19999,9,6,Tue,PM,Cycling,106.16,
20000,22,8,Thu,AM,HIIT,75.59,
20001,15,4,Tue,AM,HIIT,72.18,
20002,6,12,Sat,AM,HIIT,69.47,
20003,18,2,Mon,AM,HIIT,84.65,
20004,7,2,Mon,AM,Yoga,82.02,
20005,25,15,Sun,PM,HIIT,72.89,
20006,30,12,Sat,AM,Strength,64.29,
20007,8,8,Thu,PM,HIIT,76.19,
20008,5,6,Wed,AM,Aqua,107.55,
20009,16,4,Tue,AM,HIIT,81.5,
20010,16,2,Mon,AM,HIIT,83.76,
20011,4,8,Thu,PM,HIIT,80.76,
20012,38,8,Thu,PM,Strength,60.68,
20013,20,4,Tue,PM,HIIT,85.5,
20014,19,12,Sat,PM,HIIT,88.18,
20015,33,10,Fri,AM,Yoga,70.46,
20016,6,2,Mon,AM,HIIT,72.05,
20017,7,4,Tue,PM,HIIT,100.68,
20018,10,10,Fri,AM,HIIT,87.59,
20019,15,12,Sat,AM,HIIT,72.29,
20020,12,12,Sat,AM,HIIT,71.94,
20021,8,5,Wed,PM,HIIT,80.65,
20022,15,8,Thu,AM,Yoga,71.89,
20023,12,10,Fri,AM,HIIT,80.08,
20024,9,10,Fri,AM,Cycling,83.06,
20025,9,6,Wed,AM,Strength,94.24,
20026,37,14,Sat,PM,HIIT,77.97,
20027,12,10,Fri,AM,Yoga,83.52,
20028,6,14,Sun,AM,Cycling,72.65,
20029,8,10,Fri,AM,Yoga,75.38,
20030,11,2,Mon,AM,Cycling,64.78,
20031,22,4,Tue,AM,HIIT,73.89,
20032,19,2,Mon,AM,Strength,63.45,
20033,13,14,Sun,PM,Yoga,71.23,
20034,15,2,Mon,AM,HIIT,84.82,
20035,8,14,Sun,AM,HIIT,85.87,
20036,18,14,Sun,PM,Cycling,62.01,
20037,8,11,Sat,PM,Strength,79.06,
20038,17,2,Mon,AM,HIIT,84.44,
20039,33,2,Mon,AM,Yoga,89.68,
20040,5,16,Sun,PM,HIIT,110.29,
20041,17,10,Fri,AM,Yoga,82.26,
20042,13,10,Fri,AM,Strength,73.16,
20043,5,10,Fri,AM,Yoga,107.06,
20044,19,10,Fri,AM,Cycling,98.45,
20045,30,1,Mon,PM,HIIT,69.49,
20046,10,12,Sat,AM,Cycling,74.58,
20047,5,3,Tue,PM,HIIT,92.47,
20048,12,13,Sun,PM,HIIT,83.1,
20049,11,10,Fri,AM,HIIT,69.61,
20050,14,8,Thu,AM,HIIT,103.33,
20051,16,10,Fri,AM,HIIT,74.33,
20052,12,4,Tue,PM,Others,74.04,
20053,6,1,Mon,PM,HIIT,94.48,
20054,59,7,Wed,PM,Cycling,72.38,
20055,10,12,Sat,AM,HIIT,89.17,
20056,5,2,Mon,AM,HIIT,103.62,
20057,16,14,Sun,AM,Cycling,63.06,
20058,27,2,Mon,AM,Cycling,91.63,
20059,10,8,Thu,AM,Yoga,80.77,
20060,51,10,Fri,AM,Others,74.81,
20061,11,4,Tue,PM,HIIT,76.82,
20062,23,10,Fri,AM,Cycling,75.49,
20063,12,14,Sun,AM,Cycling,72.33,
20064,13,4,Tue,AM,Yoga,66.53,
20065,8,12,Sat,AM,Cycling,101.45,
20066,38,10,Fri,AM,Cycling,82.68,
20067,29,8,Thu,AM,Cycling,74.85,
20068,16,15,Sun,AM,Cycling,83.87,
20069,3,10,Fri,AM,Strength,80.49,
20070,7,12,Sat,AM,Strength,80.56,
20071,4,4,Tue,AM,HIIT,83.66,
20072,5,10,Fri,AM,Cycling,85.03,
20073,15,6,Wed,AM,HIIT,93.03,
20074,3,10,Fri,AM,HIIT,90.34,
20075,25,2,Mon,AM,HIIT,79.19,
20076,12,4,Tue,AM,HIIT,84.1,
20077,36,14,Sun,AM,Cycling,67.08,
20078,38,10,Fri,AM,HIIT,78.83,
20079,6,12,Sat,AM,Cycling,87.93,
20080,11,2,Mon,AM,HIIT,136.02,
20081,41,5,Tue,PM,HIIT,61.37,
20082,4,8,Thu,AM,HIIT,84.12,
20083,21,4,Tue,PM,Cycling,68.11,
20084,17,14,Sun,PM,Cycling,80.4,
20085,25,10,Fri,AM,Cycling,74.69,
20086,93,12,Sat,AM,Strength,64.42,
20087,17,10,Fri,AM,Yoga,91.63,
20088,10,8,Thu,AM,Yoga,76.58,
20089,13,6,Wed,PM,HIIT,98.4,
20090,16,10,Fri,AM,HIIT,87.83,
20091,5,10,Fri,PM,Yoga,105.72,
20092,18,10,Fri,AM,HIIT,90.76,
20093,21,8,Thu,AM,HIIT,74.17,
20094,8,10,Fri,AM,HIIT,75.42,
20095,9,2,Mon,AM,HIIT,74.85,
20096,15,10,Fri,AM,HIIT,74.76,
20097,27,10,Fri,AM,Strength,65.59,
20098,23,10,Fri,AM,Cycling,88.97,
20099,15,14,Sun,AM,Cycling,77.96,
20100,33,10,Fri,AM,Cycling,80.96,
20101,12,10,Fri,AM,HIIT,81.62,
20102,4,4,Tue,PM,HIIT,97.16,
20103,8,12,Sat,AM,Strength,78.3,
20104,22,9,Thu,PM,Cycling,74.2,
20105,23,8,Thu,PM,Cycling,78.81,
20106,9,8,Thu,AM,Strength,81.65,
20107,31,4,Tue,AM,HIIT,70.98,
20108,20,10,Fri,AM,HIIT,81.84,
20109,15,10,Fri,AM,HIIT,71.12,
20110,23,2,Mon,AM,Cycling,70.88,
20111,5,2,Mon,AM,Cycling,133.36,
20112,11,10,Fri,AM,Cycling,76.05,
20113,3,14,Sun,AM,Cycling,87.74,
20114,13,6,Wed,AM,Yoga,83.47,
20115,25,8,Thu,AM,HIIT,67.46,
20116,41,12,Sat,AM,HIIT,71.94,
20117,10,10,Fri,AM,HIIT,111.31,
20118,19,12,Sat,AM,Strength,83.47,
20119,13,14,Sun,PM,HIIT,73.05,
20120,5,4,Tue,AM,HIIT,82.14,
20121,14,4,Tue,AM,Cycling,82.61037837837839,
20122,10,10,Fri,AM,Cycling,73.94,
20123,7,3,Mon,PM,Strength,82.26,
20124,23,8,Wed,PM,HIIT,68.06,
20125,5,12,Sat,AM,Yoga,82.61,
20126,6,2,Mon,AM,Strength,94.94,
20127,8,10,Fri,AM,Yoga,83.73,
20128,15,12,Sat,AM,Cycling,73.72,
20129,43,3,Tue,PM,HIIT,67.14,
20130,17,12,Sat,AM,Strength,72.1,
20131,4,8,Thu,AM,Strength,104.25,
20132,8,10,Fri,AM,HIIT,81.44,
20133,13,12,Sat,AM,Cycling,78.39,
20134,17,8,Thu,AM,Cycling,67.46,
20135,7,12,Sat,AM,HIIT,102.6,
20136,7,8,Thu,PM,Strength,78.27,
20137,19,10,Fri,AM,HIIT,83.96,
20138,22,12,Sat,PM,HIIT,78.16,
20139,24,11,Fri,AM,Yoga,63.79,
20140,10,11,Fri,AM,Strength,79.31,
20141,7,9,Thu,PM,Cycling,89.22,
20142,41,11,Sat,PM,Strength,80.54,
20143,7,10,Fri,AM,HIIT,104.79,
20144,31,14,Sun,AM,Aqua,79.68,
20145,10,12,Sat,AM,Aqua,80.23,
20146,19,7,Thu,PM,Aqua,70.64,
20147,6,4,Tue,AM,HIIT,95.1,
20148,12,10,Fri,AM,Aqua,89.8,
20149,17,6,Wed,AM,Yoga,85.26,
20150,14,12,Sat,AM,Cycling,87.9,
20151,14,8,Thu,PM,Cycling,88.48,
20152,33,11,Fri,AM,Strength,71.25,
20153,8,10,Fri,AM,Cycling,94.46,
20154,38,12,Sat,AM,Yoga,73.54,
20155,19,4,Tue,AM,Strength,83.51,
20156,21,6,Wed,AM,Aqua,81.88,
20157,5,5,Wed,PM,Cycling,92.9,
20158,16,6,Wed,AM,Cycling,78.31,
20159,10,14,Sun,AM,Cycling,99.68,
20160,7,10,Fri,AM,HIIT,94.0,
20161,1,4,Tue,AM,Yoga,106.04,
20162,4,4,Tue,AM,HIIT,81.9,
20163,12,10,Fri,AM,HIIT,72.82,
20164,12,2,Mon,AM,Cycling,99.32,
20165,12,4,Tue,PM,HIIT,80.8,
20166,20,8,Thu,AM,Cycling,103.58,
20167,6,2,Mon,AM,Strength,85.35,
20168,16,14,Sun,AM,Cycling,71.36,
20169,29,17,Sun,PM,HIIT,77.95,
20170,15,14,Sun,PM,Yoga,61.91,
20171,8,2,Mon,AM,HIIT,100.23,
20172,13,3,Tue,PM,Strength,72.13,
20173,54,3,Mon,AM,HIIT,67.03,
20174,14,10,Fri,AM,HIIT,82.93,
20175,42,12,Sat,AM,HIIT,62.02,
20176,4,12,Sat,PM,HIIT,71.07,
20177,4,6,Wed,AM,HIIT,96.87,
20178,8,14,Sun,AM,Cycling,73.43,
20179,12,6,Wed,AM,Cycling,106.37,
20180,24,14,Sun,AM,HIIT,64.51,
20181,6,12,Sat,AM,HIIT,82.63,
20182,8,2,Mon,AM,Cycling,80.38,
20183,11,10,Fri,AM,HIIT,99.29,
20184,12,8,Thu,AM,Strength,92.52,
20185,9,2,Mon,AM,Others,73.95,
20186,12,8,Thu,AM,HIIT,101.56,
20187,21,11,Fri,AM,Cycling,75.55,
20188,6,10,Fri,AM,Cycling,84.85,
20189,5,10,Fri,AM,HIIT,85.07,
20190,15,10,Fri,AM,HIIT,97.98,
20191,4,14,Sun,AM,Cycling,82.61037837837839,
20192,24,4,Tue,PM,Cycling,64.27,
20193,14,10,Fri,AM,Strength,86.97,
20194,9,4,Tue,PM,HIIT,85.91,
20195,148,7,Thu,PM,Aqua,71.09,
20196,16,9,Thu,AM,HIIT,81.9,
20197,8,3,Tue,PM,Strength,97.95,
20198,3,10,Fri,AM,Cycling,95.63,
20199,6,4,Tue,PM,Yoga,98.55,
20200,19,8,Thu,AM,Yoga,63.11,
20201,11,8,Thu,AM,HIIT,70.18,
20202,9,6,Wed,AM,Cycling,83.35,
20203,19,6,Wed,PM,HIIT,67.27,
20204,20,8,Thu,AM,Yoga,77.02,
20205,10,12,Sat,PM,Cycling,80.73,
20206,58,14,Sun,AM,HIIT,64.11,
20207,9,6,Wed,AM,HIIT,83.71,
20208,15,12,Sat,AM,HIIT,75.63,
20209,4,5,Tue,PM,HIIT,78.5,
20210,4,10,Fri,AM,Cycling,107.11,
20211,3,6,Wed,AM,HIIT,101.27,
20212,9,12,Sat,AM,HIIT,80.63,
20213,5,6,Wed,AM,Cycling,89.07,
20214,20,8,Thu,AM,HIIT,87.83,
20215,18,12,Sat,AM,HIIT,98.25,
20216,13,2,Mon,AM,Cycling,76.5,
20217,13,10,Fri,AM,HIIT,87.91,
20218,10,5,Tue,PM,HIIT,82.61037837837839,
20219,9,13,Sun,PM,Strength,79.12,
20220,9,12,Sat,AM,HIIT,76.94,
20221,12,29,Sun,PM,Strength,84.13,
20222,8,8,Thu,AM,Cycling,79.69,
20223,18,8,Thu,AM,Strength,77.85,
20224,12,14,Sun,AM,HIIT,71.65,
20225,11,14,Sun,AM,HIIT,84.58,
20226,16,10,Fri,AM,Cycling,84.24,
20227,9,8,Thu,AM,Strength,83.0,
20228,6,12,Sat,AM,Aqua,84.3,
20229,25,8,Thu,AM,HIIT,68.49,
20230,5,3,Mon,AM,HIIT,86.21,
20231,6,8,Thu,AM,Strength,96.62,
20232,21,14,Sun,AM,HIIT,69.44,
20233,14,8,Thu,AM,Yoga,78.53,
20234,6,6,Wed,PM,Cycling,85.07,
20235,10,11,Thu,PM,Yoga,88.27,
20236,11,10,Fri,AM,Cycling,86.3,
20237,6,5,Wed,PM,HIIT,81.43,
20238,10,10,Fri,AM,HIIT,76.18,
20239,10,10,Fri,AM,HIIT,65.33,
20240,8,14,Sun,AM,Strength,85.33,
20241,15,15,Sun,PM,Aqua,66.06,
20242,9,14,Sun,AM,Cycling,102.31,
20243,18,2,Mon,AM,Cycling,63.47,
20244,8,10,Fri,AM,HIIT,83.58,
20245,8,12,Sat,PM,Strength,83.35,
20246,18,13,Sun,PM,Cycling,74.09,
20247,3,12,Sat,AM,Strength,95.75,
20248,7,10,Fri,AM,Strength,76.82,
20249,19,9,Fri,PM,HIIT,84.75,
20250,11,8,Thu,AM,HIIT,87.24,
20251,16,8,Thu,AM,Aqua,86.73,
20252,23,10,Fri,AM,Cycling,66.3,
20253,111,2,Mon,AM,Strength,60.66,
20254,7,1,Mon,PM,HIIT,71.88,
20255,24,12,Sat,AM,HIIT,73.47,
20256,48,8,Thu,AM,Aqua,66.51,
20257,16,6,Wed,PM,HIIT,87.64,
20258,18,10,Fri,AM,HIIT,74.43,
20259,9,14,Sun,AM,Cycling,71.88,
20260,26,14,Sun,AM,Cycling,100.26,
20261,10,2,Mon,AM,Yoga,102.02,
20262,53,14,Sun,AM,Strength,68.17,
20263,21,12,Sat,AM,Cycling,76.6,
20264,11,9,Thu,PM,Cycling,92.16,
20265,7,17,Sun,PM,HIIT,86.0,
20266,32,5,Wed,PM,Cycling,71.67,
20267,11,10,Fri,AM,HIIT,83.12,
20268,7,12,Sat,AM,HIIT,76.11,
20269,34,14,Sun,AM,HIIT,58.95,
20270,7,6,Wed,AM,HIIT,82.97,
20271,17,2,Mon,AM,Strength,82.61037837837839,
20272,6,4,Tue,AM,Cycling,94.41,
20273,22,10,Fri,AM,Cycling,80.91,
20274,19,8,Thu,AM,HIIT,81.53,
20275,22,12,Sat,AM,HIIT,68.29,
20276,5,2,Mon,AM,HIIT,99.41,
20277,7,4,Tue,PM,HIIT,89.21,
20278,25,8,Thu,PM,Aqua,73.49,
20279,4,10,Fri,AM,Strength,88.08,
20280,19,12,Sat,AM,HIIT,80.26,
20281,57,8,Thu,AM,HIIT,68.35,
20282,7,14,Sun,AM,HIIT,89.99,
20283,9,9,Thu,PM,HIIT,86.35,
20284,18,4,Tue,AM,HIIT,76.3,
20285,38,9,Thu,PM,HIIT,77.69,
20286,6,2,Mon,AM,Cycling,82.57,
20287,11,3,Mon,PM,HIIT,87.37,
20288,9,8,Thu,PM,Cycling,80.75,
20289,14,14,Sun,AM,Cycling,79.86,
20290,13,10,Fri,AM,Cycling,87.37,
20291,20,2,Mon,AM,Cycling,63.74,
20292,8,12,Sat,AM,Cycling,98.04,
20293,13,14,Sun,AM,Strength,73.52,
20294,11,9,Fri,PM,Strength,81.43,
20295,8,4,Tue,PM,HIIT,78.23,
20296,39,10,Fri,AM,HIIT,88.82,
20297,5,4,Tue,PM,HIIT,113.16,
20298,10,4,Tue,AM,HIIT,75.25,
20299,10,4,Tue,AM,HIIT,67.73,
20300,17,10,Fri,AM,HIIT,70.46,
20301,22,4,Tue,AM,Cycling,78.21,
20302,7,9,Wed,PM,HIIT,85.46,
20303,12,8,Thu,AM,HIIT,82.28,
20304,69,8,Thu,AM,Yoga,77.26,
20305,18,5,Wed,PM,HIIT,72.73,
20306,22,10,Fri,AM,Others,70.97,
20307,17,12,Sat,AM,Strength,67.91,
20308,9,14,Sun,AM,HIIT,84.67,
20309,35,4,Tue,PM,HIIT,67.64,
20310,11,8,Thu,AM,HIIT,101.27,
20311,6,4,Tue,AM,Cycling,83.66,
20312,12,4,Tue,AM,HIIT,82.03,
20313,4,10,Fri,AM,Strength,102.92,
20314,13,12,Sat,PM,Cycling,73.31,
20315,13,12,Sat,AM,Strength,73.28,
20316,12,11,Wed,PM,HIIT,78.9,
20317,25,10,Fri,AM,Aqua,85.75,
20318,27,12,Sat,AM,HIIT,63.85,
20319,16,12,Sat,AM,Aqua,67.94,
20320,4,10,Fri,AM,Yoga,129.28,
20321,13,14,Sun,AM,HIIT,94.71,
20322,7,9,Tue,PM,HIIT,90.64,
20323,22,2,Mon,AM,HIIT,82.79,
20324,13,6,Wed,AM,Strength,95.47,
20325,14,2,Mon,AM,Strength,80.12,
20326,8,7,Thu,PM,Cycling,75.32,
20327,42,14,Sun,AM,HIIT,76.55,
20328,26,10,Fri,AM,Strength,71.87,
20329,10,6,Wed,PM,Aqua,82.38,
20330,12,12,Sat,AM,Cycling,75.82,
20331,12,4,Tue,AM,HIIT,74.0,
20332,22,14,Sun,AM,Yoga,82.2,
20333,16,12,Sat,AM,Strength,73.94,
20334,21,3,Mon,PM,HIIT,69.62,
20335,21,8,Thu,AM,HIIT,95.85,
20336,8,8,Thu,AM,Strength,96.91,
20337,3,12,Sat,AM,Aqua,90.73,
20338,12,2,Mon,AM,HIIT,79.13,
20339,19,10,Fri,AM,HIIT,69.63,
20340,54,5,Tue,PM,HIIT,72.29,
20341,10,2,Mon,AM,Aqua,82.81,
20342,15,4,Tue,AM,Yoga,77.79,
20343,11,8,Thu,AM,HIIT,81.44,
20344,7,10,Fri,AM,Aqua,77.8,
20345,6,2,Mon,AM,Yoga,105.12,
20346,8,2,Mon,PM,HIIT,87.76,
20347,18,6,Wed,PM,HIIT,74.32,
20348,9,8,Thu,AM,HIIT,80.46,
20349,15,7,Thu,PM,HIIT,88.5,
20350,21,10,Fri,AM,HIIT,79.51,
20351,29,2,Mon,AM,Strength,89.55,
20352,9,4,Tue,AM,HIIT,87.38,
20353,34,14,Sun,AM,Aqua,68.64,
20354,20,8,Thu,AM,Cycling,94.39,
20355,17,8,Wed,PM,Strength,79.56,
20356,10,2,Mon,AM,HIIT,79.01,
20357,16,14,Sun,AM,Strength,74.53,
20358,5,10,Fri,AM,Cycling,86.12,
20359,15,8,Thu,AM,HIIT,69.29,
20360,7,2,Mon,AM,Cycling,93.33,
20361,11,6,Wed,PM,HIIT,88.59,
20362,9,10,Fri,AM,HIIT,89.52,
20363,23,10,Fri,AM,HIIT,71.12,
20364,7,10,Fri,AM,HIIT,81.25,
20365,13,4,Tue,AM,Cycling,73.22,
20366,16,10,Fri,AM,Cycling,86.86,
20367,16,14,Sun,AM,Strength,71.7,
20368,8,4,Tue,AM,Cycling,81.32,
20369,9,10,Fri,AM,Cycling,77.35,
20370,9,14,Sun,AM,HIIT,82.42,
20371,22,14,Sun,AM,Strength,69.52,
20372,6,9,Thu,PM,Yoga,79.01,
20373,33,8,Thu,AM,Cycling,81.55,
20374,10,4,Tue,AM,Cycling,72.93,
20375,24,12,Sat,PM,Strength,68.35,
20376,14,2,Mon,AM,Cycling,94.72,
20377,2,10,Fri,AM,Strength,92.87,
20378,12,10,Fri,AM,Strength,91.74,
20379,8,2,Mon,AM,Strength,92.24,
20380,2,2,Mon,AM,HIIT,85.67,
20381,12,2,Mon,AM,HIIT,76.56,
20382,26,4,Tue,PM,HIIT,82.87,
20383,28,2,Mon,AM,Strength,87.19,
20384,27,12,Sat,AM,Yoga,98.91,
20385,8,4,Tue,AM,HIIT,79.96,
20386,8,2,Mon,AM,Strength,84.87,
20387,1,4,Tue,AM,Cycling,88.75,
20388,6,10,Fri,AM,Yoga,86.67,
20389,3,10,Fri,AM,HIIT,81.58,
20390,6,9,Thu,PM,Cycling,83.13,
20391,24,4,Tue,AM,Strength,73.49,
20392,8,12,Sat,AM,HIIT,79.36,
20393,27,10,Fri,AM,HIIT,78.81,
20394,7,10,Fri,AM,HIIT,97.26,
20395,5,14,Sun,AM,HIIT,93.33,
20396,14,10,Thu,PM,Strength,83.16,
20397,7,14,Sun,PM,Cycling,90.0,
20398,9,10,Fri,AM,HIIT,112.15,
20399,6,8,Wed,PM,Strength,108.2,
20400,5,2,Mon,AM,HIIT,104.19,
20401,21,4,Tue,PM,HIIT,67.81,
20402,17,2,Mon,AM,HIIT,81.98,
20403,10,14,Sun,AM,Strength,81.56,
20404,18,2,Mon,AM,Strength,79.57,
20405,8,8,Thu,AM,Yoga,85.39,
20406,19,2,Mon,AM,Yoga,69.65,
20407,12,10,Fri,AM,HIIT,77.09,
20408,19,4,Tue,AM,HIIT,65.65,
20409,53,10,Fri,AM,HIIT,61.1,
20410,17,4,Tue,PM,Others,71.35,
20411,3,10,Fri,AM,HIIT,100.9,
20412,12,2,Mon,AM,HIIT,79.68,
20413,19,10,Fri,AM,Yoga,72.23,
20414,16,8,Thu,AM,Yoga,67.53,
20415,8,5,Tue,PM,Yoga,101.32,
20416,6,2,Mon,AM,HIIT,81.44,
20417,9,4,Tue,AM,HIIT,76.05,
20418,10,8,Thu,AM,Aqua,100.44,
20419,2,2,Mon,AM,Yoga,107.03,
20420,20,4,Tue,AM,HIIT,76.07,
20421,11,8,Thu,AM,Strength,71.54,
20422,8,14,Sun,PM,Strength,72.63,
20423,9,10,Thu,PM,HIIT,82.13,
20424,2,10,Fri,AM,HIIT,108.82,
20425,17,3,Mon,AM,Cycling,74.57,
20426,11,10,Fri,AM,HIIT,74.75,
20427,8,7,Wed,PM,HIIT,85.86,
20428,28,5,Wed,PM,HIIT,73.78,
20429,34,10,Fri,AM,Cycling,75.34,
20430,20,2,Mon,AM,Aqua,60.1,
20431,5,6,Wed,AM,HIIT,94.7,
20432,12,8,Thu,AM,HIIT,97.11,
20433,14,14,Sun,AM,Cycling,69.0,
20434,11,13,Sat,AM,Yoga,82.16,
20435,10,8,Thu,AM,Cycling,94.97,
20436,11,8,Thu,PM,Yoga,85.79,
20437,6,10,Fri,AM,HIIT,117.19,
20438,25,13,Sat,PM,HIIT,70.8,
20439,9,8,Thu,AM,HIIT,74.76,
20440,8,10,Fri,AM,HIIT,80.34,
20441,17,7,Thu,PM,Cycling,86.53,
20442,20,10,Fri,AM,Yoga,80.11,
20443,14,14,Sun,AM,Aqua,68.96,
20444,32,6,Wed,AM,Cycling,77.57,
20445,3,10,Fri,AM,Strength,112.47,
20446,27,8,Thu,AM,Strength,77.39,
20447,73,8,Thu,AM,HIIT,66.0,
20448,10,12,Sat,AM,HIIT,79.32,
20449,5,6,Wed,AM,Cycling,90.06,
20450,20,10,Thu,PM,Cycling,75.34,
20451,7,12,Sat,AM,Cycling,81.69,
20452,6,8,Thu,PM,HIIT,80.74,
20453,55,6,Wed,PM,Cycling,62.92,
20454,4,4,Tue,AM,HIIT,113.86,
20455,9,8,Thu,AM,HIIT,73.07,
20456,7,12,Sat,AM,Strength,84.72,
20457,14,14,Sun,AM,Strength,80.76,
20458,11,2,Mon,AM,HIIT,85.41,
20459,9,2,Mon,AM,HIIT,92.06,
20460,5,2,Mon,AM,HIIT,78.28,
20461,12,2,Mon,AM,Strength,79.77,
20462,8,10,Fri,AM,HIIT,71.49,
20463,21,8,Thu,AM,Cycling,76.77,
20464,14,20,Sun,PM,HIIT,69.35,
20465,11,14,Sun,PM,Strength,74.57,
20466,34,14,Sun,AM,Yoga,64.52,
20467,8,4,Tue,PM,HIIT,81.06,
20468,12,2,Mon,AM,HIIT,79.79,
20469,14,10,Fri,AM,HIIT,82.61037837837839,
20470,27,8,Thu,AM,Yoga,83.32,
20471,10,1,Mon,PM,HIIT,97.13,
20472,18,14,Sun,AM,Cycling,88.77,
20473,13,2,Mon,AM,Yoga,90.38,
20474,26,2,Mon,AM,HIIT,65.88,
20475,35,4,Tue,AM,HIIT,69.41,
20476,54,7,Wed,AM,HIIT,73.02,
20477,6,10,Fri,AM,HIIT,98.42,
20478,15,10,Fri,AM,HIIT,71.99,
20479,76,15,Sun,PM,HIIT,58.68,
20480,3,2,Mon,AM,Cycling,97.38,
20481,15,2,Mon,AM,Cycling,75.7,
20482,3,8,Thu,AM,Cycling,86.92,
20483,28,12,Sat,AM,HIIT,70.77,
20484,8,14,Sun,AM,HIIT,104.33,
20485,5,14,Sun,AM,HIIT,81.42,
20486,11,7,Thu,PM,HIIT,77.56,
20487,9,2,Mon,AM,HIIT,109.23,
20488,11,14,Sun,AM,HIIT,97.77,
20489,9,8,Thu,AM,Cycling,85.32,
20490,24,2,Mon,AM,HIIT,80.01,
20491,10,10,Fri,AM,HIIT,73.38,
20492,13,2,Mon,AM,Cycling,95.97,
20493,62,2,Mon,AM,HIIT,57.83,
20494,5,15,Sun,AM,HIIT,89.67,
20495,42,10,Fri,AM,Yoga,59.97,
20496,21,10,Fri,AM,Yoga,73.99,
20497,11,10,Fri,AM,HIIT,55.41,
20498,105,12,Sat,AM,Cycling,66.07,
20499,15,8,Thu,AM,HIIT,78.07,
20500,4,4,Tue,PM,HIIT,109.09,
20501,20,2,Mon,AM,Cycling,81.06,
20502,24,7,Wed,PM,HIIT,62.76,
20503,2,14,Sun,AM,HIIT,108.13,
20504,5,14,Sun,AM,Strength,94.46,
20505,90,14,Sun,AM,HIIT,58.13,
20506,15,8,Thu,AM,HIIT,66.24,
20507,29,4,Tue,PM,Strength,68.84,
20508,8,12,Fri,PM,HIIT,77.16,
20509,18,12,Sat,AM,HIIT,82.93,
20510,60,12,Sat,AM,Cycling,68.02,
20511,3,12,Sat,AM,HIIT,112.22,
20512,16,2,Mon,AM,Strength,88.34,
20513,7,3,Tue,PM,Cycling,83.26,
20514,21,8,Thu,AM,HIIT,83.77,
20515,21,2,Mon,AM,HIIT,63.04,
20516,3,8,Thu,PM,Strength,110.18,
20517,3,8,Thu,PM,HIIT,98.53,
20518,12,4,Tue,AM,HIIT,65.51,
20519,11,13,Sat,PM,HIIT,72.21,
20520,9,2,Mon,AM,Strength,83.07,
20521,18,12,Sat,AM,Strength,99.91,
20522,7,8,Thu,AM,Cycling,90.73,
20523,30,12,Sat,AM,HIIT,78.41,
20524,9,8,Thu,AM,Strength,73.58,
20525,6,10,Fri,AM,Aqua,111.44,
20526,8,12,Sat,AM,Strength,89.62,
20527,11,4,Tue,AM,HIIT,63.69,
20528,13,12,Sat,AM,Strength,87.31,
20529,25,10,Fri,AM,Cycling,80.15,
20530,32,2,Mon,AM,Cycling,84.76,
20531,3,10,Fri,AM,Strength,105.88,
20532,11,12,Sat,AM,HIIT,78.28,
20533,12,4,Tue,AM,Strength,69.33,
20534,8,12,Sat,AM,HIIT,82.63,
20535,23,12,Sat,AM,Cycling,90.78,
20536,5,10,Fri,AM,Aqua,99.45,
20537,6,12,Sat,AM,Strength,82.54,
20538,107,4,Tue,PM,HIIT,67.02,
20539,52,10,Fri,AM,HIIT,69.34,
20540,8,12,Sat,AM,HIIT,70.84,
20541,8,10,Fri,AM,Cycling,92.84,
20542,34,8,Thu,AM,Cycling,63.41,
20543,13,2,Mon,AM,Strength,78.59,
20544,5,6,Wed,PM,Strength,71.74,
20545,14,3,Mon,AM,Aqua,68.75,
20546,53,4,Tue,AM,HIIT,61.2,
20547,17,12,Sat,AM,HIIT,89.54,
20548,37,10,Fri,AM,Yoga,66.89,
20549,8,2,Mon,AM,Strength,72.56,
20550,11,4,Tue,PM,Aqua,70.91,
20551,15,12,Sat,AM,Strength,79.02,
20552,37,2,Mon,AM,Strength,73.32,
20553,8,10,Fri,AM,Aqua,98.92,
20554,12,14,Sun,AM,Cycling,80.28,
20555,22,4,Tue,AM,Yoga,88.9,
20556,9,12,Sat,AM,HIIT,83.21,
20557,6,7,Thu,PM,Cycling,97.94,
20558,15,11,Fri,AM,HIIT,104.16,
20559,10,2,Mon,AM,HIIT,110.54,
20560,6,10,Fri,AM,HIIT,91.52,
20561,38,6,Wed,AM,HIIT,85.69,
20562,10,12,Sat,PM,HIIT,100.37,
20563,35,10,Fri,AM,Cycling,72.7,
20564,10,11,Sat,PM,Yoga,93.92,
20565,19,14,Sun,AM,HIIT,98.71,
20566,16,10,Fri,AM,Cycling,82.61037837837839,
20567,10,14,Sun,AM,HIIT,84.1,
20568,9,2,Mon,AM,Cycling,77.48,
20569,16,2,Mon,AM,HIIT,67.38,
20570,8,10,Fri,AM,Yoga,84.49,
20571,12,4,Tue,AM,Aqua,74.04,
20572,21,4,Tue,PM,Yoga,69.0,
20573,13,12,Sat,AM,HIIT,72.34,
20574,3,8,Thu,AM,Cycling,90.91,
20575,27,12,Sat,AM,Strength,68.72,
20576,17,2,Mon,AM,HIIT,74.87,
20577,20,10,Fri,AM,HIIT,66.15,
20578,48,10,Fri,AM,HIIT,68.39,
20579,21,14,Sun,AM,Strength,83.07,
20580,51,8,Thu,AM,HIIT,63.59,
20581,13,12,Sat,AM,Strength,72.58,
20582,20,8,Thu,AM,Cycling,68.7,
20583,12,13,Sat,AM,Strength,84.45,
20584,23,6,Wed,AM,Cycling,71.0,
20585,12,9,Thu,AM,Yoga,88.42,
20586,10,8,Thu,AM,HIIT,81.69,
20587,18,2,Mon,AM,Aqua,80.93,
20588,8,6,Wed,AM,HIIT,85.12,
20589,16,8,Thu,AM,Strength,76.12,
20590,8,12,Sat,AM,HIIT,90.12,
20591,17,13,Sat,AM,Cycling,76.61,
20592,29,2,Mon,AM,Yoga,68.31,
20593,10,3,Tue,PM,HIIT,74.35,
20594,9,12,Sat,AM,HIIT,75.63,
20595,10,5,Tue,PM,Cycling,77.81,
20596,7,14,Sun,AM,HIIT,79.38,
20597,16,8,Thu,PM,Cycling,87.55,
20598,7,8,Thu,AM,HIIT,89.94,
20599,34,10,Fri,AM,Yoga,68.83,
20600,9,2,Mon,PM,Cycling,82.29,
20601,12,12,Sat,AM,HIIT,82.89,
20602,12,10,Fri,AM,HIIT,77.03,
20603,7,10,Fri,AM,Cycling,86.31,
20604,40,14,Sun,AM,Cycling,68.7,
20605,4,2,Mon,AM,Cycling,86.74,
20606,8,2,Mon,AM,Aqua,92.4,
20607,8,2,Mon,AM,HIIT,86.15,
20608,3,12,Sat,AM,Strength,101.97,
20609,7,14,Sun,PM,HIIT,105.2,
20610,6,14,Sun,AM,HIIT,78.32,
20611,8,10,Fri,AM,Strength,82.16,
20612,5,10,Fri,AM,Strength,80.71,
20613,25,14,Sun,AM,HIIT,75.26,
20614,20,12,Sat,AM,Cycling,78.7,
20615,15,12,Sat,AM,Strength,76.31,
20616,16,10,Fri,AM,Aqua,82.66,
20617,8,4,Tue,AM,Cycling,81.45,
20618,13,12,Sat,AM,Strength,82.28,
20619,6,12,Sat,AM,Yoga,79.9,
20620,12,2,Mon,AM,Aqua,78.05,
20621,4,14,Sun,AM,HIIT,103.25,
20622,4,4,Tue,AM,HIIT,86.88,
20623,7,12,Sat,AM,Cycling,103.46,
20624,4,10,Fri,AM,Cycling,75.82,
20625,3,4,Tue,AM,Aqua,97.88,
20626,13,2,Mon,AM,Aqua,77.83,
20627,6,8,Thu,PM,Yoga,89.99,
20628,25,10,Fri,AM,Cycling,82.15,
20629,20,8,Thu,AM,Aqua,70.41,
20630,7,16,Sun,PM,HIIT,82.81,
20631,17,10,Fri,AM,Cycling,59.56,
20632,26,2,Mon,AM,HIIT,74.57,
20633,3,2,Mon,AM,HIIT,86.08,
20634,21,6,Wed,AM,Cycling,66.49,
20635,9,8,Thu,PM,Strength,93.47,
20636,12,10,Fri,AM,HIIT,73.88,
20637,14,12,Sat,AM,HIIT,88.33,
20638,8,7,Thu,PM,Cycling,79.42,
20639,26,10,Fri,AM,HIIT,74.46,
20640,89,8,Thu,AM,HIIT,73.41,
20641,24,12,Sat,AM,Cycling,67.71,
20642,13,12,Sat,AM,Cycling,80.77,
20643,10,6,Wed,PM,Cycling,73.69,
20644,22,4,Tue,AM,HIIT,71.87,
20645,9,7,Wed,PM,Cycling,91.17,
20646,26,12,Sat,AM,Strength,63.81,
20647,5,2,Mon,AM,Strength,114.17,
20648,57,14,Sun,AM,Cycling,70.39,
20649,11,2,Mon,AM,Aqua,84.37,
20650,34,4,Tue,AM,HIIT,70.09,
20651,20,12,Sat,AM,Yoga,78.1,
20652,13,6,Wed,PM,Strength,81.01,
20653,6,4,Tue,PM,HIIT,87.32,
20654,4,14,Sun,AM,Strength,71.49,
20655,7,6,Wed,AM,HIIT,78.46,
20656,11,4,Tue,AM,HIIT,87.9,
20657,9,8,Thu,AM,Cycling,99.29,
20658,9,12,Sat,AM,HIIT,88.49,
20659,12,2,Mon,AM,HIIT,68.15,
20660,10,15,Sun,PM,HIIT,81.98,
20661,36,10,Fri,AM,HIIT,74.73,
20662,13,4,Tue,AM,HIIT,81.25,
20663,13,3,Tue,PM,Cycling,74.59,
20664,7,12,Sat,AM,HIIT,80.65,
20665,13,13,Sat,AM,Strength,78.52,
20666,18,12,Sat,AM,HIIT,66.05,
20667,13,4,Tue,AM,HIIT,95.72,
20668,23,1,Mon,PM,Cycling,94.94,
20669,5,11,Thu,PM,Yoga,90.51,
20670,5,14,Sun,AM,HIIT,82.61037837837839,
20671,11,10,Fri,AM,Cycling,83.92,
20672,15,12,Sat,AM,Yoga,81.12,
20673,20,10,Fri,AM,HIIT,66.67,
20674,12,7,Wed,PM,HIIT,97.1,
20675,14,4,Tue,AM,HIIT,85.49,
20676,20,8,Thu,AM,Cycling,91.6,
20677,14,8,Thu,AM,Strength,84.25,
20678,14,8,Thu,AM,HIIT,83.35,
20679,6,10,Fri,AM,Cycling,111.16,
20680,17,14,Sun,AM,HIIT,77.19,
20681,12,8,Thu,PM,HIIT,100.05,
20682,11,14,Sun,PM,Cycling,69.73,
20683,5,7,Wed,PM,HIIT,76.93,
20684,18,15,Sun,AM,Cycling,75.16,
20685,10,8,Thu,AM,HIIT,70.61,
20686,15,2,Mon,AM,Yoga,71.06,
20687,19,4,Tue,PM,Cycling,70.68,
20688,52,10,Fri,AM,Cycling,83.2,
20689,16,10,Fri,AM,Yoga,87.0,
20690,19,12,Sat,AM,Strength,67.86,
20691,11,5,Tue,PM,Cycling,97.87,
20692,14,14,Sun,AM,HIIT,68.47,
20693,13,3,Mon,AM,Yoga,71.22,
20694,7,13,Wed,PM,Cycling,97.55,
20695,6,14,Sun,AM,HIIT,85.36,
20696,13,10,Fri,AM,HIIT,96.94,
20697,27,12,Sat,AM,Cycling,76.99,
20698,23,12,Sat,AM,Cycling,74.94,
20699,20,14,Sun,AM,Cycling,83.41,
20700,19,8,Thu,AM,Strength,72.34,
20701,8,2,Mon,AM,HIIT,75.14,
20702,5,10,Fri,AM,Cycling,112.86,
20703,38,1,Mon,PM,HIIT,72.88,
20704,10,2,Mon,AM,Yoga,88.28,
20705,11,10,Fri,AM,HIIT,79.68,
20706,18,12,Sat,AM,Cycling,81.2,
20707,16,8,Thu,AM,Cycling,79.57,
20708,18,7,Wed,PM,Cycling,78.63,
20709,6,12,Sat,AM,Strength,93.79,
20710,38,4,Tue,AM,Strength,69.36,
20711,18,2,Mon,AM,HIIT,73.05,
20712,3,14,Sun,AM,Cycling,86.5,
20713,7,10,Thu,PM,Cycling,81.54,
20714,9,12,Sat,AM,HIIT,77.71,
20715,20,10,Fri,AM,HIIT,81.53,
20716,5,14,Sun,AM,Strength,88.39,
20717,5,2,Mon,AM,HIIT,94.46,
20718,7,6,Wed,PM,Strength,87.52,
20719,8,14,Sun,AM,Cycling,80.72,
20720,4,2,Mon,AM,Cycling,88.17,
20721,4,2,Mon,AM,Aqua,82.61037837837839,
20722,14,4,Tue,PM,Cycling,85.02,
20723,2,8,Thu,AM,HIIT,148.02,
20724,13,12,Sat,AM,Aqua,88.57,
20725,6,14,Sun,PM,HIIT,87.32,
20726,14,12,Sat,AM,Yoga,72.91,
20727,7,14,Sun,AM,Yoga,91.65,
20728,9,2,Mon,AM,Cycling,84.27,
20729,10,10,Fri,AM,Strength,97.99,
20730,4,8,Thu,AM,Strength,90.56,
20731,14,14,Sun,AM,HIIT,78.59,
20732,12,6,Tue,PM,Strength,92.47,
20733,7,10,Fri,AM,HIIT,97.56,
20734,44,2,Mon,AM,HIIT,69.88,
20735,14,7,Wed,PM,Strength,77.98,
20736,13,2,Mon,AM,Cycling,83.43,
20737,6,4,Tue,AM,HIIT,79.07,
20738,8,8,Thu,AM,HIIT,91.58,
20739,29,2,Mon,PM,Cycling,77.57,
20740,11,2,Mon,AM,Strength,115.18,
20741,5,14,Sun,AM,Strength,91.47,
20742,10,6,Wed,PM,Cycling,76.63,
20743,7,12,Sat,AM,HIIT,91.88,
20744,21,10,Fri,AM,HIIT,69.93,
20745,8,10,Fri,AM,Cycling,89.72,
20746,4,10,Fri,AM,HIIT,109.82,
20747,7,2,Mon,AM,HIIT,76.58,
20748,8,11,Sat,PM,Cycling,97.2,
20749,6,14,Sun,AM,Cycling,100.82,
20750,13,4,Tue,AM,HIIT,87.5,
20751,26,8,Thu,AM,HIIT,70.25,
20752,20,8,Thu,AM,Strength,76.69,
20753,17,8,Thu,AM,Cycling,67.71,
20754,7,10,Fri,AM,HIIT,90.14,
20755,19,14,Sun,AM,HIIT,70.41,
20756,8,7,Thu,PM,Cycling,73.98,
20757,15,2,Mon,AM,HIIT,71.29,
20758,35,8,Thu,AM,HIIT,63.28,
20759,8,8,Thu,AM,Others,84.64,
20760,10,10,Fri,AM,Strength,99.92,
20761,39,6,Wed,AM,Yoga,81.53,
20762,8,12,Sat,AM,Cycling,89.14,
20763,15,10,Fri,AM,HIIT,86.09,
20764,10,12,Sat,PM,HIIT,85.31,
20765,6,8,Thu,AM,Strength,96.07,
20766,15,14,Sun,AM,Yoga,96.49,
20767,13,14,Sun,AM,Cycling,81.79,
20768,7,12,Sat,AM,HIIT,86.7,
20769,21,12,Sat,PM,Strength,87.43,
20770,9,12,Sat,AM,Cycling,73.89,
20771,6,5,Tue,PM,Aqua,101.7,
20772,8,4,Tue,AM,HIIT,76.99,
20773,14,14,Sun,AM,HIIT,84.17,
20774,11,8,Thu,PM,HIIT,92.82,
20775,10,2,Mon,AM,Cycling,69.85,
20776,5,14,Sun,AM,Cycling,93.99,
20777,13,10,Fri,AM,Cycling,67.26,
20778,41,14,Sun,AM,Yoga,73.23,
20779,20,4,Tue,AM,HIIT,75.51,
20780,15,4,Tue,AM,Strength,66.77,
20781,11,4,Tue,PM,HIIT,78.77,
20782,21,10,Fri,AM,Cycling,83.6,
20783,13,8,Thu,AM,Cycling,92.71,
20784,11,6,Wed,PM,HIIT,88.32,
20785,7,12,Sat,AM,Others,90.6,
20786,5,10,Fri,AM,HIIT,101.1,
20787,18,12,Sat,AM,HIIT,70.39,
20788,6,12,Fri,PM,Cycling,91.61,
20789,29,10,Fri,AM,Yoga,72.52,
20790,19,10,Fri,AM,HIIT,71.64,
20791,11,2,Mon,AM,HIIT,78.65,
20792,57,10,Fri,AM,HIIT,69.95,
20793,5,8,Thu,AM,HIIT,99.3,
20794,17,13,Sat,AM,Yoga,69.39,
20795,29,10,Fri,AM,Cycling,86.05,
20796,6,4,Tue,AM,HIIT,116.26,
20797,6,6,Wed,AM,Strength,69.03,
20798,16,1,Mon,PM,Cycling,74.09,
20799,14,10,Fri,AM,HIIT,87.14,
20800,6,4,Tue,AM,Yoga,86.75,
20801,9,14,Sun,AM,Strength,75.91,
20802,36,1,Mon,PM,Cycling,77.6,
20803,38,14,Sun,AM,Cycling,68.1,
20804,10,2,Mon,AM,HIIT,88.89,
20805,3,12,Sat,PM,HIIT,124.3,
20806,5,8,Thu,AM,HIIT,135.18,
20807,12,8,Thu,AM,HIIT,67.59,
20808,12,10,Fri,AM,HIIT,79.07,
20809,47,10,Fri,AM,HIIT,69.81,
20810,6,11,Thu,PM,Cycling,113.32,
20811,58,11,Sat,PM,Strength,74.48,
20812,9,14,Sun,AM,Yoga,81.99,
20813,36,6,Wed,AM,Cycling,76.7,
20814,5,10,Fri,AM,HIIT,81.36,
20815,26,10,Fri,AM,HIIT,67.17,
20816,17,13,Sun,PM,HIIT,82.26,
20817,5,10,Fri,AM,HIIT,95.52,
20818,5,2,Mon,AM,Strength,92.65,
20819,21,2,Mon,AM,HIIT,71.45,
20820,8,6,Wed,AM,Cycling,105.82,
20821,7,14,Sun,AM,Cycling,94.23,
20822,10,8,Thu,AM,HIIT,90.65,
20823,8,4,Tue,AM,HIIT,84.64,
20824,9,10,Fri,AM,HIIT,62.72,
20825,15,5,Tue,PM,Strength,89.8,
20826,5,10,Fri,AM,Yoga,122.36,
20827,22,8,Thu,PM,HIIT,68.88,
20828,13,10,Fri,AM,HIIT,91.43,
20829,24,10,Fri,AM,Strength,75.74,
20830,26,6,Wed,AM,Cycling,75.31,
20831,20,2,Mon,AM,Strength,84.64,
20832,9,14,Sun,AM,HIIT,98.34,
20833,20,14,Sun,AM,HIIT,85.93,
20834,18,10,Fri,AM,Cycling,93.91,
20835,9,15,Sun,PM,Yoga,79.54,
20836,10,8,Thu,AM,Strength,91.73,
20837,14,1,Mon,PM,Aqua,82.61037837837839,
20838,10,2,Mon,AM,HIIT,88.58,
20839,39,11,Fri,AM,HIIT,77.84,
20840,66,5,Tue,AM,Aqua,61.01,
20841,48,10,Fri,AM,HIIT,82.1,
20842,7,4,Tue,PM,HIIT,64.63,
20843,20,4,Tue,AM,HIIT,76.14,
20844,10,10,Fri,AM,HIIT,79.89,
20845,5,10,Fri,AM,Yoga,96.85,
20846,9,14,Sun,AM,Strength,74.13,
20847,25,9,Thu,PM,Aqua,79.71,
20848,17,8,Thu,PM,Cycling,68.3,
20849,4,11,Fri,AM,Strength,89.38,
20850,10,8,Thu,AM,Cycling,89.19,
20851,7,2,Mon,AM,HIIT,77.96,
20852,7,8,Thu,AM,Cycling,77.92,
20853,11,12,Sat,AM,Cycling,76.3,
20854,27,12,Sat,AM,HIIT,67.79,
20855,9,12,Sat,AM,HIIT,73.42,
20856,17,4,Tue,PM,Yoga,71.49,
20857,14,6,Wed,PM,HIIT,71.04,
20858,20,8,Thu,PM,Cycling,79.93,
20859,11,14,Sun,AM,HIIT,88.93,
20860,7,8,Thu,AM,HIIT,80.38,
20861,14,2,Mon,AM,HIIT,86.68,
20862,5,8,Thu,AM,HIIT,100.08,
20863,5,2,Mon,PM,HIIT,90.34,
20864,8,12,Sat,AM,HIIT,89.81,
20865,8,14,Sun,AM,HIIT,73.28,
20866,15,14,Sun,AM,HIIT,104.35,
20867,14,13,Sun,PM,HIIT,72.28,
20868,6,2,Mon,PM,HIIT,72.56,
20869,5,8,Thu,AM,HIIT,100.69,
20870,8,7,Thu,PM,HIIT,89.39,
20871,6,4,Tue,PM,Cycling,104.74,
20872,7,5,Wed,PM,Cycling,73.19,
20873,24,3,Mon,AM,Yoga,65.01,
20874,25,10,Fri,AM,Yoga,73.09,
20875,10,10,Fri,AM,Yoga,86.22,
20876,19,10,Fri,AM,HIIT,79.44,
20877,20,4,Tue,AM,Cycling,71.28,
20878,9,7,Wed,PM,HIIT,96.53,
20879,19,10,Fri,PM,HIIT,77.58,
20880,7,2,Mon,AM,HIIT,100.32,
20881,6,10,Thu,PM,Aqua,100.43,
20882,5,3,Tue,PM,Strength,94.55,
20883,7,13,Sun,PM,HIIT,95.71,
20884,12,14,Sun,AM,Cycling,75.1,
20885,32,12,Sat,AM,Cycling,74.37,
20886,73,2,Mon,AM,HIIT,66.5,
20887,41,4,Tue,AM,HIIT,69.26,
20888,33,8,Thu,AM,HIIT,81.68,
20889,7,10,Fri,AM,Cycling,81.38,
20890,21,4,Tue,AM,HIIT,73.59,
20891,22,10,Fri,AM,Strength,71.52,
20892,13,8,Thu,AM,HIIT,98.72,
20893,28,4,Tue,AM,Strength,72.4,
20894,10,10,Fri,AM,HIIT,89.43,
20895,14,12,Sat,AM,HIIT,90.07,
20896,8,12,Sat,AM,Strength,75.28,
20897,10,14,Sun,AM,HIIT,96.42,
20898,7,10,Fri,AM,HIIT,89.32,
20899,45,4,Tue,AM,HIIT,73.82,
20900,33,10,Fri,AM,HIIT,82.2,
20901,11,14,Sun,PM,Strength,69.2,
20902,12,8,Thu,AM,Strength,86.94,
20903,6,2,Mon,AM,Strength,74.58,
20904,11,10,Fri,AM,HIIT,86.49,
20905,21,10,Fri,AM,HIIT,65.79,
20906,43,8,Thu,AM,HIIT,63.19,
20907,11,9,Thu,AM,HIIT,82.61037837837839,
20908,9,8,Thu,AM,HIIT,88.9,
20909,17,7,Thu,PM,HIIT,81.36,
20910,7,12,Sat,AM,HIIT,88.76,
20911,28,2,Mon,AM,Strength,76.94,
20912,9,12,Sat,AM,HIIT,73.43,
20913,30,10,Fri,AM,HIIT,62.93,
20914,8,10,Fri,AM,HIIT,76.09,
20915,14,2,Mon,AM,Strength,82.03,
20916,4,14,Sun,AM,Strength,93.8,
20917,33,4,Tue,PM,Cycling,74.65,
20918,32,2,Mon,AM,Strength,73.05,
20919,10,2,Mon,AM,HIIT,92.9,
20920,3,10,Fri,AM,Cycling,105.26,
20921,15,2,Mon,AM,Strength,60.48,
20922,18,4,Tue,AM,Cycling,91.96,
20923,9,14,Sun,PM,HIIT,118.89,
20924,9,12,Sat,AM,HIIT,81.29,
20925,13,4,Tue,AM,HIIT,89.18,
20926,6,14,Sun,AM,HIIT,88.92,
20927,17,14,Sun,AM,HIIT,86.76,
20928,24,15,Sun,AM,HIIT,69.93,
20929,33,10,Fri,AM,Strength,65.48,
20930,6,10,Fri,AM,HIIT,93.61,
20931,6,5,Tue,PM,HIIT,93.9,
20932,13,11,Sat,PM,Cycling,66.22,
20933,11,12,Thu,PM,Cycling,85.85,
20934,20,10,Fri,AM,Strength,98.05,
20935,11,12,Sat,AM,HIIT,78.56,
20936,5,2,Mon,AM,Others,101.35,
20937,26,13,Sat,PM,HIIT,103.79,
20938,8,2,Mon,AM,Cycling,86.4,
20939,33,15,Sun,AM,HIIT,83.91,
20940,12,2,Mon,PM,Cycling,81.96,
20941,16,4,Tue,AM,HIIT,76.97,
20942,7,2,Mon,AM,Cycling,73.95,
20943,15,4,Tue,AM,Cycling,100.25,
20944,9,10,Thu,PM,HIIT,107.75,
20945,61,10,Fri,AM,HIIT,73.69,
20946,14,6,Wed,PM,HIIT,78.42,
20947,7,2,Mon,AM,HIIT,95.77,
20948,48,10,Fri,AM,HIIT,65.02,
20949,5,10,Fri,AM,HIIT,111.45,
20950,6,8,Wed,PM,HIIT,80.26,
20951,9,4,Tue,PM,Strength,86.65,
20952,13,8,Thu,AM,HIIT,93.42,
20953,12,4,Tue,AM,Strength,65.59,
20954,10,13,Sat,AM,Cycling,87.93,
20955,19,10,Fri,AM,Cycling,73.83,
20956,13,14,Sun,PM,Yoga,71.74,
20957,6,8,Thu,AM,Yoga,73.63,
20958,38,2,Mon,AM,HIIT,74.23,
20959,6,14,Sat,PM,HIIT,90.6,
20960,19,10,Fri,AM,HIIT,61.77,
20961,12,17,Sun,PM,Aqua,62.92,
20962,23,4,Tue,AM,Cycling,85.39,
20963,9,14,Sun,AM,Cycling,100.55,
20964,16,2,Mon,AM,Cycling,90.05,
20965,21,14,Sun,AM,HIIT,64.96,
20966,7,14,Sun,AM,HIIT,92.87,
20967,9,14,Sun,AM,Strength,97.62,
20968,14,10,Fri,AM,Cycling,79.4,
20969,8,12,Sat,AM,HIIT,77.18,
20970,12,10,Fri,AM,Cycling,86.26,
20971,11,10,Fri,AM,Cycling,87.41,
20972,3,14,Sun,AM,HIIT,86.95,
20973,6,4,Tue,AM,HIIT,100.13,
20974,20,6,Wed,AM,Cycling,76.53,
20975,50,2,Mon,AM,Cycling,68.92,
20976,4,2,Mon,AM,Yoga,117.81,
20977,15,14,Sun,AM,HIIT,72.38,
20978,9,10,Fri,AM,HIIT,104.31,
20979,14,10,Fri,AM,Cycling,87.57,
20980,11,8,Thu,AM,HIIT,80.36,
20981,5,13,Sun,PM,Strength,89.14,
20982,16,9,Wed,PM,HIIT,83.92,
20983,17,8,Thu,AM,HIIT,92.08,
20984,11,10,Fri,AM,Strength,78.02,
20985,10,4,Tue,PM,HIIT,85.15,
20986,22,2,Mon,AM,Aqua,92.92,
20987,16,8,Thu,AM,HIIT,73.52,
20988,15,6,Wed,AM,HIIT,92.56,
20989,20,10,Fri,AM,HIIT,67.33,
20990,34,10,Fri,AM,Cycling,63.04,
20991,19,3,Tue,PM,Cycling,75.78,
20992,6,10,Fri,AM,HIIT,98.24,
20993,16,10,Fri,AM,HIIT,81.66,
20994,7,2,Mon,AM,Aqua,78.08,
20995,19,8,Thu,PM,HIIT,79.09,
20996,8,10,Wed,PM,Cycling,75.74,
20997,28,14,Sun,AM,Others,83.59,
20998,40,10,Fri,AM,Yoga,71.78,
20999,14,14,Sun,AM,Yoga,94.11,
21000,65,11,Sat,PM,Strength,81.81,
21001,6,8,Thu,AM,HIIT,92.37,
21002,15,10,Fri,AM,Yoga,87.87,
21003,5,12,Sat,AM,Cycling,120.58,
21004,33,14,Sun,AM,Strength,65.27,
21005,8,3,Tue,PM,HIIT,78.59,
21006,19,10,Fri,AM,HIIT,62.4,
21007,19,10,Fri,AM,Yoga,74.67,
21008,6,12,Sat,AM,Cycling,101.17,
21009,18,8,Thu,AM,Cycling,79.35,
21010,5,12,Sat,AM,Strength,82.61037837837839,
21011,13,6,Wed,AM,Strength,71.99,
21012,21,12,Sat,AM,Strength,74.06,
21013,12,2,Mon,AM,HIIT,72.51,
21014,8,2,Mon,AM,Aqua,96.19,
21015,55,4,Tue,AM,HIIT,73.66,
21016,12,12,Sat,AM,Cycling,75.48,
21017,29,12,Sat,AM,HIIT,71.22,
21018,22,4,Tue,PM,HIIT,83.28,
21019,21,9,Thu,AM,Cycling,82.87,
21020,22,7,Thu,PM,Cycling,74.67,
21021,20,14,Sun,AM,Aqua,69.43,
21022,12,10,Fri,AM,HIIT,78.39,
21023,13,8,Thu,AM,Yoga,78.87,
21024,29,8,Thu,PM,HIIT,68.63,
21025,6,14,Sun,AM,Strength,119.63,
21026,29,8,Thu,PM,Cycling,74.22,
21027,9,10,Fri,AM,Yoga,84.72,
21028,5,10,Fri,AM,Cycling,91.71,
21029,19,12,Sat,AM,Strength,79.35,
21030,21,8,Thu,AM,HIIT,98.24,
21031,2,6,Wed,AM,HIIT,79.12,
21032,39,4,Tue,AM,Strength,61.42,
21033,12,2,Mon,AM,Cycling,73.33,
21034,50,11,Sat,PM,HIIT,71.86,
21035,9,8,Thu,PM,Cycling,81.55,
21036,13,2,Mon,AM,HIIT,78.54,
21037,14,10,Fri,AM,HIIT,69.48,
21038,29,11,Sat,PM,HIIT,69.87,
21039,24,4,Tue,AM,HIIT,65.4,
21040,45,4,Tue,AM,Aqua,73.9,
21041,12,12,Sat,AM,Strength,91.48,
21042,3,14,Sun,AM,HIIT,78.67,
21043,19,6,Wed,PM,Cycling,92.99,
21044,14,10,Fri,AM,HIIT,76.24,
21045,38,6,Wed,AM,Cycling,77.43,
21046,25,15,Sun,PM,Cycling,87.35,
21047,6,8,Mon,PM,HIIT,93.32,
21048,3,14,Sun,AM,Yoga,170.52,
21049,23,14,Sun,AM,Yoga,74.51,
21050,17,6,Wed,PM,Cycling,84.22,
21051,9,14,Sun,AM,HIIT,110.07,
21052,12,12,Sat,AM,HIIT,78.44,
21053,19,12,Sat,AM,Aqua,76.8,
21054,15,3,Mon,AM,Cycling,69.83,
21055,10,14,Sun,AM,Cycling,82.74,
21056,4,8,Thu,AM,Strength,102.47,
21057,8,3,Mon,AM,Strength,73.85,
21058,41,10,Fri,AM,HIIT,72.5,
21059,5,12,Sat,AM,Others,103.17,
21060,10,8,Thu,PM,HIIT,83.71,
21061,6,4,Tue,AM,HIIT,88.74,
21062,15,15,Sun,AM,HIIT,80.04,
21063,7,12,Sat,AM,Cycling,81.37,
21064,3,14,Sun,AM,Strength,102.97,
21065,24,5,Tue,PM,HIIT,79.64,
21066,12,4,Tue,AM,Yoga,82.08,
21067,8,14,Sun,AM,Cycling,93.09,
21068,4,2,Mon,AM,Yoga,87.26,
21069,22,8,Thu,AM,Yoga,64.66,
21070,27,10,Fri,AM,Cycling,77.96,
21071,6,8,Thu,AM,Cycling,92.29,
21072,23,2,Mon,AM,Cycling,84.66,
21073,6,4,Tue,PM,Cycling,101.59,
21074,3,10,Fri,AM,HIIT,94.44,
21075,31,2,Mon,AM,HIIT,65.71,
21076,12,10,Fri,AM,Strength,80.07,
21077,6,4,Tue,PM,Cycling,100.76,
21078,11,2,Mon,AM,Cycling,90.45,
21079,36,12,Sat,AM,Cycling,72.07,
21080,12,10,Fri,AM,Strength,96.19,
21081,11,4,Tue,AM,HIIT,69.41,
21082,20,8,Thu,AM,Cycling,83.84,
21083,6,12,Sat,AM,Cycling,80.45,
21084,17,4,Tue,AM,Strength,83.45,
21085,4,12,Sat,AM,HIIT,78.62,
21086,13,4,Tue,AM,Cycling,98.58,
21087,16,13,Sat,PM,Cycling,70.3,
21088,13,8,Thu,AM,HIIT,112.39,
21089,7,8,Thu,AM,HIIT,82.61037837837839,
21090,8,2,Mon,AM,Others,81.56,
21091,17,2,Mon,AM,HIIT,101.27,
21092,9,12,Sat,AM,Strength,73.8,
21093,52,4,Tue,AM,Aqua,58.24,
21094,18,12,Sat,AM,Yoga,78.68,
21095,39,2,Mon,AM,Cycling,76.59,
21096,10,10,Fri,AM,Yoga,75.19,
21097,11,10,Wed,PM,HIIT,82.61037837837839,
21098,15,8,Thu,PM,HIIT,76.65,
21099,20,10,Fri,AM,Cycling,78.86,
21100,25,2,Mon,AM,HIIT,74.67,
21101,22,10,Fri,AM,Aqua,66.78,
21102,7,2,Mon,AM,Yoga,98.71,
21103,7,14,Sun,AM,Yoga,81.46,
21104,6,8,Thu,PM,Cycling,71.74,
21105,5,7,Wed,AM,HIIT,78.28,
21106,20,8,Thu,AM,HIIT,75.03,
21107,8,2,Mon,AM,HIIT,92.16,
21108,8,13,Sat,PM,HIIT,93.36,
21109,8,8,Thu,AM,Strength,90.22,
21110,7,14,Sun,AM,HIIT,79.14,
21111,12,12,Sat,AM,Cycling,89.83,
21112,14,6,Wed,AM,HIIT,74.33,
21113,13,12,Sat,AM,Aqua,75.8,
21114,24,15,Sun,PM,HIIT,68.93,
21115,10,2,Mon,AM,Aqua,105.54,
21116,5,2,Mon,AM,Cycling,107.38,
21117,7,2,Mon,AM,HIIT,82.96,
21118,7,9,Thu,PM,Yoga,121.38,
21119,21,10,Fri,AM,Cycling,68.06,
21120,39,6,Wed,PM,Strength,74.52,
21121,14,8,Thu,AM,Cycling,70.29,
21122,13,8,Thu,AM,HIIT,71.55,
21123,20,10,Fri,AM,Cycling,76.03,
21124,5,10,Fri,AM,HIIT,110.13,
21125,11,14,Sun,AM,HIIT,71.35,
21126,11,10,Fri,AM,HIIT,77.92,
21127,16,10,Fri,AM,HIIT,71.48,
21128,16,10,Fri,AM,Cycling,81.34,
21129,6,12,Sat,AM,HIIT,92.03,
21130,25,15,Sun,PM,Cycling,84.04,
21131,6,13,Sun,PM,Strength,104.78,
21132,2,7,Thu,PM,Aqua,88.22,
21133,18,8,Thu,AM,HIIT,61.4,
21134,13,10,Fri,AM,Strength,80.89,
21135,8,2,Mon,PM,Cycling,88.98,
21136,10,5,Tue,PM,HIIT,82.61037837837839,
21137,15,12,Sat,AM,Strength,85.42,
21138,18,2,Mon,AM,Cycling,74.33,
21139,23,2,Mon,AM,HIIT,70.26,
21140,7,10,Fri,AM,Strength,97.76,
21141,18,8,Thu,AM,Cycling,74.69,
21142,9,15,Sun,PM,Yoga,80.3,
21143,12,2,Mon,AM,HIIT,80.56,
21144,10,8,Thu,AM,HIIT,76.13,
21145,13,12,Wed,PM,HIIT,77.37,
21146,4,7,Wed,AM,Cycling,91.43,
21147,11,2,Mon,AM,Cycling,76.97,
21148,9,10,Fri,AM,Cycling,87.62,
21149,13,10,Fri,AM,Strength,76.75,
21150,10,14,Sun,AM,Cycling,81.47,
21151,17,10,Fri,AM,Yoga,98.6,
21152,15,14,Sun,PM,HIIT,79.43,
21153,12,10,Fri,AM,HIIT,77.72,
21154,22,14,Sun,AM,HIIT,73.51,
21155,36,6,Wed,AM,Cycling,65.78,
21156,25,4,Tue,AM,HIIT,70.57,
21157,6,2,Mon,AM,Yoga,98.75,
21158,10,5,Wed,PM,HIIT,82.86,
21159,19,14,Sun,PM,Yoga,64.09,
21160,5,10,Fri,AM,Strength,71.81,
21161,4,12,Sat,AM,HIIT,102.92,
21162,7,8,Thu,AM,Strength,80.18,
21163,19,12,Sat,AM,Cycling,74.11,
21164,18,14,Sun,AM,Yoga,78.39,
21165,22,6,Wed,AM,Cycling,73.72,
21166,14,5,Tue,PM,Strength,75.69,
21167,22,10,Fri,AM,Yoga,85.12,
21168,25,4,Tue,AM,Cycling,79.99,
21169,6,4,Tue,AM,HIIT,95.82,
21170,10,10,Fri,AM,Cycling,88.47,
21171,28,4,Tue,AM,Strength,64.23,
21172,17,12,Sat,AM,Yoga,72.14,
21173,22,2,Mon,AM,Strength,63.16,
21174,7,3,Tue,PM,Cycling,78.28,
21175,21,2,Mon,AM,Strength,83.77,
21176,2,12,Sat,AM,Yoga,113.93,
21177,18,14,Sun,AM,Strength,70.63,
21178,7,10,Fri,AM,HIIT,75.56,
21179,11,2,Mon,PM,HIIT,88.68,
21180,6,6,Wed,PM,HIIT,101.8,
21181,3,2,Mon,PM,HIIT,95.73,
21182,14,2,Mon,AM,Aqua,84.82,
21183,23,2,Mon,PM,Aqua,74.79,
21184,4,7,Wed,AM,HIIT,123.9,
21185,14,7,Thu,PM,Yoga,73.37,
21186,25,12,Sat,PM,Aqua,71.39,
21187,12,10,Fri,AM,HIIT,93.43,
21188,14,10,Fri,AM,Aqua,80.54,
21189,10,2,Mon,AM,HIIT,85.67,
21190,6,4,Tue,AM,Cycling,83.98,
21191,10,10,Wed,PM,HIIT,66.72,
21192,12,2,Mon,PM,Strength,102.84,
21193,15,2,Mon,AM,HIIT,88.18,
21194,5,4,Tue,AM,Cycling,84.22,
21195,10,10,Fri,AM,Aqua,91.94,
21196,7,9,Thu,PM,HIIT,84.64,
21197,12,12,Sat,AM,HIIT,72.0,
21198,8,12,Sat,PM,Aqua,68.34,
21199,16,5,Wed,PM,Aqua,65.81,
21200,43,14,Sun,AM,HIIT,72.42,
21201,9,8,Thu,AM,Strength,86.95,
21202,19,2,Mon,AM,HIIT,103.99,
21203,7,15,Sun,AM,Cycling,74.35,
21204,15,10,Fri,AM,Cycling,68.26,
21205,20,13,Sat,AM,HIIT,80.4,
21206,8,8,Thu,AM,HIIT,93.5,
21207,22,2,Mon,AM,Cycling,73.15,
21208,7,4,Tue,AM,HIIT,104.27,
21209,16,8,Thu,AM,Cycling,83.93,
21210,97,2,Mon,AM,HIIT,65.69,
21211,12,8,Thu,PM,Cycling,77.36,
21212,9,14,Sun,AM,Cycling,86.87,
21213,5,3,Tue,PM,HIIT,112.43,
21214,9,10,Thu,PM,HIIT,82.14,
21215,6,3,Tue,PM,Cycling,95.66,
21216,12,2,Mon,AM,HIIT,68.82,
21217,7,4,Tue,AM,HIIT,92.39,
21218,6,9,Thu,PM,Cycling,89.52,
21219,4,7,Thu,PM,Cycling,82.61037837837839,
21220,10,6,Wed,PM,Cycling,70.79,
21221,15,4,Tue,AM,Cycling,83.72,
21222,8,12,Thu,PM,Yoga,91.17,
21223,15,6,Wed,PM,HIIT,72.35,
21224,5,8,Thu,AM,Yoga,108.14,
21225,13,7,Wed,PM,Cycling,75.62,
21226,22,10,Fri,AM,Aqua,80.87,
21227,5,11,Fri,AM,Cycling,85.46,
21228,9,10,Fri,AM,HIIT,95.9,
21229,4,4,Tue,AM,Cycling,89.51,
21230,4,13,Sun,PM,HIIT,92.01,
21231,16,15,Thu,PM,HIIT,87.89,
21232,13,10,Fri,AM,HIIT,86.73,
21233,21,8,Thu,AM,Aqua,74.69,
21234,20,14,Sun,AM,HIIT,73.04,
21235,6,14,Sun,AM,Cycling,113.19,
21236,41,8,Thu,AM,HIIT,73.9,
21237,2,2,Mon,AM,Cycling,120.81,
21238,10,3,Mon,AM,Strength,83.37,
21239,18,7,Wed,PM,Cycling,87.7,
21240,13,4,Tue,PM,Cycling,77.89,
21241,1,12,Fri,PM,Yoga,112.5,
21242,13,6,Wed,PM,HIIT,73.16,
21243,23,8,Thu,AM,Strength,82.96,
21244,17,4,Tue,PM,Cycling,80.49,
21245,5,12,Sat,AM,HIIT,71.91,
21246,27,9,Thu,PM,Yoga,75.63,
21247,7,8,Thu,AM,Yoga,100.89,
21248,6,14,Sun,AM,Cycling,75.8,
21249,13,12,Sat,AM,Aqua,70.49,
21250,20,14,Sun,AM,HIIT,66.31,
21251,6,14,Sun,AM,HIIT,102.68,
21252,19,13,Sat,PM,Cycling,79.19,
21253,23,5,Tue,PM,Cycling,83.65,
21254,7,10,Fri,AM,Cycling,90.83,
21255,6,14,Sun,AM,Strength,77.55,
21256,11,14,Sun,AM,HIIT,87.13,
21257,11,2,Mon,PM,HIIT,76.69,
21258,13,10,Fri,AM,HIIT,92.64,
21259,19,3,Tue,PM,Strength,82.38,
21260,5,15,Fri,PM,Strength,83.85,
21261,32,10,Thu,PM,Strength,69.71,
21262,11,8,Thu,AM,Strength,68.33,
21263,17,12,Sat,PM,HIIT,90.19,
21264,27,8,Thu,PM,HIIT,62.32,
21265,9,12,Sat,AM,HIIT,79.91,
21266,4,14,Sun,AM,Cycling,102.62,
21267,9,10,Fri,AM,HIIT,87.94,
21268,23,10,Fri,AM,HIIT,73.8,
21269,8,6,Wed,AM,Cycling,84.11,
21270,8,12,Sat,AM,Aqua,99.26,
21271,5,2,Mon,AM,HIIT,110.25,
21272,7,15,Sun,PM,Aqua,90.71,
21273,19,3,Tue,PM,Cycling,79.46,
21274,4,12,Sat,AM,Strength,86.59,
21275,31,14,Sun,AM,Cycling,70.14,
21276,24,10,Fri,AM,Cycling,72.74,
21277,7,2,Mon,AM,Strength,78.74,
21278,8,10,Fri,AM,Yoga,94.26,
21279,9,6,Wed,PM,Strength,78.28,
21280,20,12,Sat,AM,Cycling,65.61,
21281,12,4,Tue,AM,Strength,89.71,
21282,13,4,Tue,PM,HIIT,78.43,
21283,22,2,Mon,AM,Strength,61.15,
21284,4,14,Sun,AM,Strength,109.66,
21285,11,5,Wed,PM,Cycling,82.61037837837839,
21286,11,15,Sun,PM,HIIT,114.87,
21287,17,8,Thu,AM,HIIT,68.55,
21288,36,4,Mon,PM,HIIT,58.42,
21289,12,2,Mon,AM,HIIT,78.79,
21290,12,9,Thu,PM,HIIT,88.38,
21291,10,4,Tue,PM,Strength,75.63,
21292,8,2,Mon,AM,HIIT,72.67,
21293,4,14,Sun,AM,Strength,82.25,
21294,33,14,Sun,AM,Cycling,73.91,
21295,9,2,Mon,AM,HIIT,69.62,
21296,32,2,Mon,AM,HIIT,67.75,
21297,21,10,Fri,AM,HIIT,78.47,
21298,14,8,Mon,PM,HIIT,75.73,
21299,11,4,Tue,AM,Cycling,85.33,
21300,55,5,Tue,PM,Cycling,67.57,
21301,10,10,Fri,AM,HIIT,101.37,
21302,13,14,Sun,AM,HIIT,92.63,
21303,15,14,Sun,AM,HIIT,78.13,
21304,11,15,Sun,AM,Yoga,66.38,
21305,5,8,Thu,AM,Cycling,84.93,
21306,18,13,Sat,PM,Cycling,96.81,
21307,7,10,Fri,AM,HIIT,78.69,
21308,23,12,Sat,AM,HIIT,86.62,
21309,6,12,Sat,AM,Cycling,70.71,
21310,37,15,Sun,AM,Strength,73.62,
21311,5,14,Sun,PM,HIIT,115.91,
21312,7,14,Sun,AM,Cycling,80.6,
21313,7,4,Tue,PM,Aqua,97.28,
21314,8,4,Tue,AM,Cycling,95.86,
21315,39,8,Thu,AM,HIIT,60.46,
21316,8,2,Mon,AM,HIIT,85.28,
21317,14,6,Wed,PM,HIIT,68.83,
21318,12,5,Wed,PM,Yoga,67.23,
21319,14,11,Fri,AM,Cycling,79.27,
21320,4,8,Thu,PM,HIIT,96.79,
21321,17,7,Thu,PM,HIIT,72.1,
21322,5,4,Tue,AM,Yoga,92.58,
21323,57,9,Thu,PM,HIIT,68.87,
21324,17,8,Thu,AM,Cycling,68.89,
21325,31,10,Thu,PM,Strength,64.05,
21326,16,8,Thu,AM,Strength,80.54,
21327,9,10,Fri,AM,Yoga,82.62,
21328,5,2,Mon,AM,Cycling,93.5,
21329,8,2,Mon,AM,HIIT,105.3,
21330,19,10,Fri,AM,Strength,68.33,
21331,12,6,Wed,AM,Strength,78.93,
21332,13,10,Fri,AM,Strength,72.14,
21333,7,2,Mon,AM,Strength,81.92,
21334,2,10,Fri,AM,HIIT,106.35,
21335,29,8,Thu,PM,HIIT,82.61037837837839,
21336,13,10,Fri,AM,HIIT,83.12,
21337,9,12,Sat,PM,HIIT,90.76,
21338,14,8,Thu,PM,HIIT,85.6,
21339,30,7,Wed,PM,Yoga,74.91,
21340,24,14,Sun,AM,Strength,76.25,
21341,22,12,Sat,AM,Cycling,67.24,
21342,26,12,Sat,AM,Yoga,84.52,
21343,9,2,Mon,AM,Cycling,91.27,
21344,28,8,Thu,PM,HIIT,82.61037837837839,
21345,19,5,Tue,PM,Cycling,72.1,
21346,28,10,Fri,AM,Aqua,62.02,
21347,12,4,Tue,PM,HIIT,107.34,
21348,4,2,Mon,AM,HIIT,108.35,
21349,28,8,Thu,AM,HIIT,68.42,
21350,11,10,Fri,AM,Strength,90.72,
21351,8,4,Tue,AM,HIIT,89.73,
21352,11,4,Tue,PM,HIIT,94.38,
21353,8,6,Wed,AM,Cycling,118.88,
21354,9,4,Tue,AM,HIIT,76.1,
21355,4,14,Sun,AM,HIIT,116.17,
21356,9,8,Thu,PM,Cycling,100.57,
21357,6,10,Fri,AM,Cycling,107.06,
21358,18,4,Tue,AM,HIIT,79.71,
21359,14,14,Sun,AM,HIIT,95.6,
21360,6,4,Tue,AM,Cycling,98.25,
21361,4,8,Thu,AM,Aqua,97.91,
21362,13,2,Mon,AM,HIIT,95.46,
21363,7,14,Sun,AM,Cycling,81.29,
21364,10,4,Tue,AM,HIIT,85.44,
21365,8,12,Sat,AM,Strength,84.78,
21366,11,3,Mon,AM,HIIT,80.16,
21367,6,8,Thu,AM,HIIT,77.02,
21368,22,2,Mon,AM,HIIT,72.47,
21369,37,14,Sun,AM,Cycling,78.84,
21370,17,10,Fri,AM,Cycling,87.69,
21371,3,8,Thu,AM,HIIT,98.39,
21372,12,13,Sat,PM,Strength,77.86,
21373,20,5,Wed,PM,HIIT,78.85,
21374,11,10,Fri,AM,Others,68.87,
21375,11,10,Fri,AM,Cycling,75.72,
21376,11,4,Tue,AM,Strength,85.39,
21377,8,5,Wed,PM,Cycling,85.87,
21378,24,2,Mon,AM,HIIT,78.37,
21379,8,6,Wed,PM,Cycling,84.76,
21380,10,10,Fri,AM,Cycling,80.48,
21381,14,2,Mon,AM,Cycling,70.03,
21382,30,10,Fri,AM,Cycling,66.57,
21383,39,10,Fri,AM,HIIT,72.72,
21384,16,14,Sun,AM,HIIT,77.38,
21385,25,2,Mon,AM,Yoga,69.54,
21386,11,2,Mon,AM,Strength,87.59,
21387,5,11,Fri,PM,Yoga,92.73,
21388,15,12,Sat,AM,Cycling,73.13,
21389,5,8,Thu,AM,Cycling,102.23,
21390,16,10,Fri,AM,Strength,80.51,
21391,27,2,Mon,AM,HIIT,64.44,
21392,7,8,Thu,AM,HIIT,99.82,
21393,11,7,Wed,PM,Cycling,89.04,
21394,14,4,Tue,AM,HIIT,75.22,
21395,3,14,Sun,AM,HIIT,92.28,
21396,8,7,Wed,PM,Cycling,71.45,
21397,6,2,Mon,AM,Cycling,99.08,
21398,27,14,Sun,AM,Yoga,66.27,
21399,6,8,Thu,AM,HIIT,98.74,
21400,13,10,Fri,AM,Strength,84.03,
21401,43,7,Tue,PM,Strength,75.68,
21402,5,11,Thu,PM,Cycling,72.36,
21403,34,15,Sun,PM,HIIT,72.59,
21404,13,15,Sun,PM,Cycling,108.49,
21405,66,12,Sat,AM,Strength,74.76,
21406,6,8,Thu,AM,Yoga,87.67,
21407,11,14,Sun,PM,Aqua,98.58,
21408,14,10,Fri,AM,HIIT,87.44,
21409,44,6,Wed,AM,Yoga,67.44,
21410,16,4,Tue,AM,Cycling,84.73,
21411,12,2,Mon,AM,HIIT,70.37,
21412,21,2,Mon,AM,HIIT,84.98,
21413,2,12,Sat,PM,HIIT,103.2,
21414,7,16,Sun,PM,Yoga,105.02,
21415,5,14,Sun,AM,Aqua,82.28,
21416,18,2,Mon,AM,HIIT,75.51,
21417,20,14,Sun,AM,Strength,79.56,
21418,27,10,Fri,AM,Yoga,74.64,
21419,5,14,Sun,AM,HIIT,113.01,
21420,13,10,Fri,AM,HIIT,82.63,
21421,15,14,Sun,AM,HIIT,88.37,
21422,10,10,Fri,AM,Strength,83.46,
21423,15,8,Thu,AM,HIIT,101.58,
21424,8,10,Fri,AM,HIIT,86.87,
21425,9,10,Fri,AM,HIIT,89.78,
21426,6,7,Wed,PM,HIIT,105.3,
21427,7,10,Fri,AM,HIIT,73.57,
21428,11,14,Sun,AM,Strength,70.23,
21429,12,12,Sat,AM,Cycling,113.45,
21430,37,11,Sat,PM,HIIT,82.61037837837839,
21431,15,10,Fri,AM,HIIT,79.93,
21432,9,2,Mon,AM,HIIT,81.36,
21433,6,12,Sat,AM,HIIT,95.25,
21434,13,14,Sun,PM,HIIT,76.99,
21435,19,10,Fri,AM,Strength,76.36,
21436,2,3,Tue,PM,Strength,107.87,
21437,17,6,Wed,PM,HIIT,77.38,
21438,12,2,Mon,AM,Strength,60.28,
21439,25,4,Tue,PM,Strength,71.24,
21440,36,10,Fri,AM,HIIT,66.3,
21441,15,12,Sat,AM,Cycling,82.72,
21442,15,4,Tue,AM,HIIT,81.13,
21443,11,10,Fri,AM,Cycling,106.15,
21444,16,13,Sun,PM,Cycling,76.18,
21445,7,7,Thu,PM,Strength,83.9,
21446,15,12,Sat,AM,Strength,74.44,
21447,7,10,Fri,AM,Strength,97.03,
21448,10,4,Tue,AM,Cycling,75.94,
21449,12,10,Fri,AM,Aqua,72.15,
21450,5,3,Tue,PM,Strength,76.18,
21451,20,10,Fri,AM,Cycling,90.68,
21452,3,8,Thu,AM,HIIT,88.66,
21453,7,14,Sun,AM,HIIT,112.71,
21454,30,9,Fri,PM,Cycling,65.6,
21455,39,12,Sat,AM,HIIT,86.12,
21456,15,6,Wed,AM,Yoga,70.98,
21457,11,6,Wed,AM,Cycling,83.37,
21458,47,12,Sat,AM,Yoga,71.17,
21459,13,10,Fri,AM,Others,77.43,
21460,16,11,Fri,AM,Aqua,79.54,
21461,65,12,Sat,AM,HIIT,60.62,
21462,7,7,Wed,PM,Strength,77.76,
21463,5,4,Tue,AM,HIIT,81.07,
21464,11,4,Tue,PM,HIIT,106.25,
21465,18,10,Fri,AM,HIIT,68.84,
21466,14,8,Thu,AM,Cycling,69.0,
21467,8,10,Fri,AM,HIIT,86.34,
21468,7,3,Mon,AM,Cycling,79.69,
21469,9,14,Sun,AM,Yoga,75.46,
21470,14,12,Sat,AM,Cycling,73.31,
21471,15,6,Wed,AM,HIIT,65.47,
21472,9,8,Thu,AM,HIIT,69.85,
21473,3,8,Thu,AM,Cycling,127.59,
21474,16,8,Thu,AM,Cycling,82.61037837837839,
21475,30,10,Fri,AM,HIIT,66.24,
21476,7,4,Tue,AM,HIIT,79.29,
21477,42,10,Fri,AM,HIIT,64.79,
21478,6,8,Thu,PM,Aqua,84.71,
21479,19,4,Tue,AM,Cycling,82.98,
21480,5,2,Mon,AM,HIIT,84.07,
21481,13,8,Thu,AM,Yoga,73.96,
21482,14,8,Thu,AM,HIIT,69.96,
21483,15,14,Sun,AM,HIIT,80.28,
21484,8,7,Thu,PM,Strength,79.83,
21485,15,10,Fri,AM,Cycling,77.2,
21486,17,4,Tue,AM,HIIT,69.11,
21487,31,14,Sun,AM,Cycling,66.13,
21488,19,3,Mon,AM,HIIT,84.1,
21489,29,14,Sun,AM,Strength,68.39,
21490,26,12,Sat,AM,Cycling,74.59,
21491,13,14,Sun,PM,Strength,101.34,
21492,25,5,Tue,PM,HIIT,65.79,
21493,25,4,Tue,AM,HIIT,72.79,
21494,10,8,Thu,AM,HIIT,91.96,
21495,9,1,Mon,PM,HIIT,75.12,
21496,5,4,Tue,AM,Yoga,89.44,
21497,15,14,Sun,AM,Aqua,88.75,
21498,11,6,Wed,AM,Cycling,89.99,
21499,9,6,Tue,PM,Cycling,106.16,
21500,22,8,Thu,AM,HIIT,75.59,
21501,15,4,Tue,AM,HIIT,72.18,
21502,6,12,Sat,AM,HIIT,69.47,
21503,18,2,Mon,AM,HIIT,84.65,
21504,7,2,Mon,AM,Yoga,82.02,
21505,25,15,Sun,PM,HIIT,72.89,
21506,30,12,Sat,AM,Strength,64.29,
21507,8,8,Thu,PM,HIIT,76.19,
21508,5,6,Wed,AM,Aqua,107.55,
21509,16,4,Tue,AM,HIIT,81.5,
21510,16,2,Mon,AM,HIIT,83.76,
21511,4,8,Thu,PM,HIIT,80.76,
21512,38,8,Thu,PM,Strength,60.68,
21513,20,4,Tue,PM,HIIT,85.5,
21514,19,12,Sat,PM,HIIT,88.18,
21515,33,10,Fri,AM,Yoga,70.46,
21516,6,2,Mon,AM,HIIT,72.05,
21517,7,4,Tue,PM,HIIT,100.68,
21518,10,10,Fri,AM,HIIT,87.59,
21519,15,12,Sat,AM,HIIT,72.29,
21520,12,12,Sat,AM,HIIT,71.94,
21521,8,5,Wed,PM,HIIT,80.65,
21522,15,8,Thu,AM,Yoga,71.89,
21523,12,10,Fri,AM,HIIT,80.08,
21524,9,10,Fri,AM,Cycling,83.06,
21525,9,6,Wed,AM,Strength,94.24,
21526,37,14,Sat,PM,HIIT,77.97,
21527,12,10,Fri,AM,Yoga,83.52,
21528,6,14,Sun,AM,Cycling,72.65,
21529,8,10,Fri,AM,Yoga,75.38,
21530,11,2,Mon,AM,Cycling,64.78,
21531,22,4,Tue,AM,HIIT,73.89,
21532,19,2,Mon,AM,Strength,63.45,
21533,13,14,Sun,PM,Yoga,71.23,
21534,15,2,Mon,AM,HIIT,84.82,
21535,8,14,Sun,AM,HIIT,85.87,
21536,18,14,Sun,PM,Cycling,62.01,
21537,8,11,Sat,PM,Strength,79.06,
21538,17,2,Mon,AM,HIIT,84.44,
21539,33,2,Mon,AM,Yoga,89.68,
21540,5,16,Sun,PM,HIIT,110.29,
21541,17,10,Fri,AM,Yoga,82.26,
21542,13,10,Fri,AM,Strength,73.16,
21543,5,10,Fri,AM,Yoga,107.06,
21544,19,10,Fri,AM,Cycling,98.45,
21545,30,1,Mon,PM,HIIT,69.49,
21546,10,12,Sat,AM,Cycling,74.58,
21547,5,3,Tue,PM,HIIT,92.47,
21548,12,13,Sun,PM,HIIT,83.1,
21549,11,10,Fri,AM,HIIT,69.61,
21550,14,8,Thu,AM,HIIT,103.33,
21551,16,10,Fri,AM,HIIT,74.33,
21552,12,4,Tue,PM,Others,74.04,
21553,6,1,Mon,PM,HIIT,94.48,
21554,59,7,Wed,PM,Cycling,72.38,
21555,10,12,Sat,AM,HIIT,89.17,
21556,5,2,Mon,AM,HIIT,103.62,
21557,16,14,Sun,AM,Cycling,63.06,
21558,27,2,Mon,AM,Cycling,91.63,
21559,10,8,Thu,AM,Yoga,80.77,
21560,51,10,Fri,AM,Others,74.81,
21561,11,4,Tue,PM,HIIT,76.82,
21562,23,10,Fri,AM,Cycling,75.49,
21563,12,14,Sun,AM,Cycling,72.33,
21564,13,4,Tue,AM,Yoga,66.53,
21565,8,12,Sat,AM,Cycling,101.45,
21566,38,10,Fri,AM,Cycling,82.68,
21567,29,8,Thu,AM,Cycling,74.85,
21568,16,15,Sun,AM,Cycling,83.87,
21569,3,10,Fri,AM,Strength,80.49,
21570,7,12,Sat,AM,Strength,80.56,
21571,4,4,Tue,AM,HIIT,83.66,
21572,5,10,Fri,AM,Cycling,85.03,
21573,15,6,Wed,AM,HIIT,93.03,
21574,3,10,Fri,AM,HIIT,90.34,
21575,25,2,Mon,AM,HIIT,79.19,
21576,12,4,Tue,AM,HIIT,84.1,
21577,36,14,Sun,AM,Cycling,67.08,
21578,38,10,Fri,AM,HIIT,78.83,
21579,6,12,Sat,AM,Cycling,87.93,
21580,11,2,Mon,AM,HIIT,136.02,
21581,41,5,Tue,PM,HIIT,61.37,
21582,4,8,Thu,AM,HIIT,84.12,
21583,21,4,Tue,PM,Cycling,68.11,
21584,17,14,Sun,PM,Cycling,80.4,
21585,25,10,Fri,AM,Cycling,74.69,
21586,93,12,Sat,AM,Strength,64.42,
21587,17,10,Fri,AM,Yoga,91.63,
21588,10,8,Thu,AM,Yoga,76.58,
21589,13,6,Wed,PM,HIIT,98.4,
21590,16,10,Fri,AM,HIIT,87.83,
21591,5,10,Fri,PM,Yoga,105.72,
21592,18,10,Fri,AM,HIIT,90.76,
21593,21,8,Thu,AM,HIIT,74.17,
21594,8,10,Fri,AM,HIIT,75.42,
21595,9,2,Mon,AM,HIIT,74.85,
21596,15,10,Fri,AM,HIIT,74.76,
21597,27,10,Fri,AM,Strength,65.59,
21598,23,10,Fri,AM,Cycling,88.97,
21599,15,14,Sun,AM,Cycling,77.96,
21600,33,10,Fri,AM,Cycling,80.96,
21601,12,10,Fri,AM,HIIT,81.62,
21602,4,4,Tue,PM,HIIT,97.16,
21603,8,12,Sat,AM,Strength,78.3,
21604,22,9,Thu,PM,Cycling,74.2,
21605,23,8,Thu,PM,Cycling,78.81,
21606,9,8,Thu,AM,Strength,81.65,
21607,31,4,Tue,AM,HIIT,70.98,
21608,20,10,Fri,AM,HIIT,81.84,
21609,15,10,Fri,AM,HIIT,71.12,
21610,23,2,Mon,AM,Cycling,70.88,
21611,5,2,Mon,AM,Cycling,133.36,
21612,11,10,Fri,AM,Cycling,76.05,
21613,3,14,Sun,AM,Cycling,87.74,
21614,13,6,Wed,AM,Yoga,83.47,
21615,25,8,Thu,AM,HIIT,67.46,
21616,41,12,Sat,AM,HIIT,71.94,
21617,10,10,Fri,AM,HIIT,111.31,
21618,19,12,Sat,AM,Strength,83.47,
21619,13,14,Sun,PM,HIIT,73.05,
21620,5,4,Tue,AM,HIIT,82.14,
21621,14,4,Tue,AM,Cycling,82.61037837837839,
21622,10,10,Fri,AM,Cycling,73.94,
21623,7,3,Mon,PM,Strength,82.26,
21624,23,8,Wed,PM,HIIT,68.06,
21625,5,12,Sat,AM,Yoga,82.61,
21626,6,2,Mon,AM,Strength,94.94,
21627,8,10,Fri,AM,Yoga,83.73,
21628,15,12,Sat,AM,Cycling,73.72,
21629,43,3,Tue,PM,HIIT,67.14,
21630,17,12,Sat,AM,Strength,72.1,
21631,4,8,Thu,AM,Strength,104.25,
21632,8,10,Fri,AM,HIIT,81.44,
21633,13,12,Sat,AM,Cycling,78.39,
21634,17,8,Thu,AM,Cycling,67.46,
21635,7,12,Sat,AM,HIIT,102.6,
21636,7,8,Thu,PM,Strength,78.27,
21637,19,10,Fri,AM,HIIT,83.96,
21638,22,12,Sat,PM,HIIT,78.16,
21639,24,11,Fri,AM,Yoga,63.79,
21640,10,11,Fri,AM,Strength,79.31,
21641,7,9,Thu,PM,Cycling,89.22,
21642,41,11,Sat,PM,Strength,80.54,
21643,7,10,Fri,AM,HIIT,104.79,
21644,31,14,Sun,AM,Aqua,79.68,
21645,10,12,Sat,AM,Aqua,80.23,
21646,19,7,Thu,PM,Aqua,70.64,
21647,6,4,Tue,AM,HIIT,95.1,
21648,12,10,Fri,AM,Aqua,89.8,
21649,17,6,Wed,AM,Yoga,85.26,
21650,14,12,Sat,AM,Cycling,87.9,
21651,14,8,Thu,PM,Cycling,88.48,
21652,33,11,Fri,AM,Strength,71.25,
21653,8,10,Fri,AM,Cycling,94.46,
21654,38,12,Sat,AM,Yoga,73.54,
21655,19,4,Tue,AM,Strength,83.51,
21656,21,6,Wed,AM,Aqua,81.88,
21657,5,5,Wed,PM,Cycling,92.9,
21658,16,6,Wed,AM,Cycling,78.31,
21659,10,14,Sun,AM,Cycling,99.68,
21660,7,10,Fri,AM,HIIT,94.0,
21661,1,4,Tue,AM,Yoga,106.04,
21662,4,4,Tue,AM,HIIT,81.9,
21663,12,10,Fri,AM,HIIT,72.82,
21664,12,2,Mon,AM,Cycling,99.32,
21665,12,4,Tue,PM,HIIT,80.8,
21666,20,8,Thu,AM,Cycling,103.58,
21667,6,2,Mon,AM,Strength,85.35,
21668,16,14,Sun,AM,Cycling,71.36,
21669,29,17,Sun,PM,HIIT,77.95,
21670,15,14,Sun,PM,Yoga,61.91,
21671,8,2,Mon,AM,HIIT,100.23,
21672,13,3,Tue,PM,Strength,72.13,
21673,54,3,Mon,AM,HIIT,67.03,
21674,14,10,Fri,AM,HIIT,82.93,
21675,42,12,Sat,AM,HIIT,62.02,
21676,4,12,Sat,PM,HIIT,71.07,
21677,4,6,Wed,AM,HIIT,96.87,
21678,8,14,Sun,AM,Cycling,73.43,
21679,12,6,Wed,AM,Cycling,106.37,
21680,24,14,Sun,AM,HIIT,64.51,
21681,6,12,Sat,AM,HIIT,82.63,
21682,8,2,Mon,AM,Cycling,80.38,
21683,11,10,Fri,AM,HIIT,99.29,
21684,12,8,Thu,AM,Strength,92.52,
21685,9,2,Mon,AM,Others,73.95,
21686,12,8,Thu,AM,HIIT,101.56,
21687,21,11,Fri,AM,Cycling,75.55,
21688,6,10,Fri,AM,Cycling,84.85,
21689,5,10,Fri,AM,HIIT,85.07,
21690,15,10,Fri,AM,HIIT,97.98,
21691,4,14,Sun,AM,Cycling,82.61037837837839,
21692,24,4,Tue,PM,Cycling,64.27,
21693,14,10,Fri,AM,Strength,86.97,
21694,9,4,Tue,PM,HIIT,85.91,
21695,148,7,Thu,PM,Aqua,71.09,
21696,16,9,Thu,AM,HIIT,81.9,
21697,8,3,Tue,PM,Strength,97.95,
21698,3,10,Fri,AM,Cycling,95.63,
21699,6,4,Tue,PM,Yoga,98.55,
21700,19,8,Thu,AM,Yoga,63.11,
21701,11,8,Thu,AM,HIIT,70.18,
21702,9,6,Wed,AM,Cycling,83.35,
21703,19,6,Wed,PM,HIIT,67.27,
21704,20,8,Thu,AM,Yoga,77.02,
21705,10,12,Sat,PM,Cycling,80.73,
21706,58,14,Sun,AM,HIIT,64.11,
21707,9,6,Wed,AM,HIIT,83.71,
21708,15,12,Sat,AM,HIIT,75.63,
21709,4,5,Tue,PM,HIIT,78.5,
21710,4,10,Fri,AM,Cycling,107.11,
21711,3,6,Wed,AM,HIIT,101.27,
21712,9,12,Sat,AM,HIIT,80.63,
21713,5,6,Wed,AM,Cycling,89.07,
21714,20,8,Thu,AM,HIIT,87.83,
21715,18,12,Sat,AM,HIIT,98.25,
21716,13,2,Mon,AM,Cycling,76.5,
21717,13,10,Fri,AM,HIIT,87.91,
21718,10,5,Tue,PM,HIIT,82.61037837837839,
21719,9,13,Sun,PM,Strength,79.12,
21720,9,12,Sat,AM,HIIT,76.94,
21721,12,29,Sun,PM,Strength,84.13,
21722,8,8,Thu,AM,Cycling,79.69,
21723,18,8,Thu,AM,Strength,77.85,
21724,12,14,Sun,AM,HIIT,71.65,
21725,11,14,Sun,AM,HIIT,84.58,
21726,16,10,Fri,AM,Cycling,84.24,
21727,9,8,Thu,AM,Strength,83.0,
21728,6,12,Sat,AM,Aqua,84.3,
21729,25,8,Thu,AM,HIIT,68.49,
21730,5,3,Mon,AM,HIIT,86.21,
21731,6,8,Thu,AM,Strength,96.62,
21732,21,14,Sun,AM,HIIT,69.44,
21733,14,8,Thu,AM,Yoga,78.53,
21734,6,6,Wed,PM,Cycling,85.07,
21735,10,11,Thu,PM,Yoga,88.27,
21736,11,10,Fri,AM,Cycling,86.3,
21737,6,5,Wed,PM,HIIT,81.43,
21738,10,10,Fri,AM,HIIT,76.18,
21739,10,10,Fri,AM,HIIT,65.33,
21740,8,14,Sun,AM,Strength,85.33,
21741,15,15,Sun,PM,Aqua,66.06,
21742,9,14,Sun,AM,Cycling,102.31,
21743,18,2,Mon,AM,Cycling,63.47,
21744,8,10,Fri,AM,HIIT,83.58,
21745,8,12,Sat,PM,Strength,83.35,
21746,18,13,Sun,PM,Cycling,74.09,
21747,3,12,Sat,AM,Strength,95.75,
21748,7,10,Fri,AM,Strength,76.82,
21749,19,9,Fri,PM,HIIT,84.75,
21750,11,8,Thu,AM,HIIT,87.24,
21751,16,8,Thu,AM,Aqua,86.73,
21752,23,10,Fri,AM,Cycling,66.3,
21753,111,2,Mon,AM,Strength,60.66,
21754,7,1,Mon,PM,HIIT,71.88,
21755,24,12,Sat,AM,HIIT,73.47,
21756,48,8,Thu,AM,Aqua,66.51,
21757,16,6,Wed,PM,HIIT,87.64,
21758,18,10,Fri,AM,HIIT,74.43,
21759,9,14,Sun,AM,Cycling,71.88,
21760,26,14,Sun,AM,Cycling,100.26,
21761,10,2,Mon,AM,Yoga,102.02,
21762,53,14,Sun,AM,Strength,68.17,
21763,21,12,Sat,AM,Cycling,76.6,
21764,11,9,Thu,PM,Cycling,92.16,
21765,7,17,Sun,PM,HIIT,86.0,
21766,32,5,Wed,PM,Cycling,71.67,
21767,11,10,Fri,AM,HIIT,83.12,
21768,7,12,Sat,AM,HIIT,76.11,
21769,34,14,Sun,AM,HIIT,58.95,
21770,7,6,Wed,AM,HIIT,82.97,
21771,17,2,Mon,AM,Strength,82.61037837837839,
21772,6,4,Tue,AM,Cycling,94.41,
21773,22,10,Fri,AM,Cycling,80.91,
21774,19,8,Thu,AM,HIIT,81.53,
21775,22,12,Sat,AM,HIIT,68.29,
21776,5,2,Mon,AM,HIIT,99.41,
21777,7,4,Tue,PM,HIIT,89.21,
21778,25,8,Thu,PM,Aqua,73.49,
21779,4,10,Fri,AM,Strength,88.08,
21780,19,12,Sat,AM,HIIT,80.26,
21781,57,8,Thu,AM,HIIT,68.35,
21782,7,14,Sun,AM,HIIT,89.99,
21783,9,9,Thu,PM,HIIT,86.35,
21784,18,4,Tue,AM,HIIT,76.3,
21785,38,9,Thu,PM,HIIT,77.69,
21786,6,2,Mon,AM,Cycling,82.57,
21787,11,3,Mon,PM,HIIT,87.37,
21788,9,8,Thu,PM,Cycling,80.75,
21789,14,14,Sun,AM,Cycling,79.86,
21790,13,10,Fri,AM,Cycling,87.37,
21791,20,2,Mon,AM,Cycling,63.74,
21792,8,12,Sat,AM,Cycling,98.04,
21793,13,14,Sun,AM,Strength,73.52,
21794,11,9,Fri,PM,Strength,81.43,
21795,8,4,Tue,PM,HIIT,78.23,
21796,39,10,Fri,AM,HIIT,88.82,
21797,5,4,Tue,PM,HIIT,113.16,
21798,10,4,Tue,AM,HIIT,75.25,
21799,10,4,Tue,AM,HIIT,67.73,
21800,17,10,Fri,AM,HIIT,70.46,
21801,22,4,Tue,AM,Cycling,78.21,
21802,7,9,Wed,PM,HIIT,85.46,
21803,12,8,Thu,AM,HIIT,82.28,
21804,69,8,Thu,AM,Yoga,77.26,
21805,18,5,Wed,PM,HIIT,72.73,
21806,22,10,Fri,AM,Others,70.97,
21807,17,12,Sat,AM,Strength,67.91,
21808,9,14,Sun,AM,HIIT,84.67,
21809,35,4,Tue,PM,HIIT,67.64,
21810,11,8,Thu,AM,HIIT,101.27,
21811,6,4,Tue,AM,Cycling,83.66,
21812,12,4,Tue,AM,HIIT,82.03,
21813,4,10,Fri,AM,Strength,102.92,
21814,13,12,Sat,PM,Cycling,73.31,
21815,13,12,Sat,AM,Strength,73.28,
21816,12,11,Wed,PM,HIIT,78.9,
21817,25,10,Fri,AM,Aqua,85.75,
21818,27,12,Sat,AM,HIIT,63.85,
21819,16,12,Sat,AM,Aqua,67.94,
21820,4,10,Fri,AM,Yoga,129.28,
21821,13,14,Sun,AM,HIIT,94.71,
21822,7,9,Tue,PM,HIIT,90.64,
21823,22,2,Mon,AM,HIIT,82.79,
21824,13,6,Wed,AM,Strength,95.47,
21825,14,2,Mon,AM,Strength,80.12,
21826,8,7,Thu,PM,Cycling,75.32,
21827,42,14,Sun,AM,HIIT,76.55,
21828,26,10,Fri,AM,Strength,71.87,
21829,10,6,Wed,PM,Aqua,82.38,
21830,12,12,Sat,AM,Cycling,75.82,
21831,12,4,Tue,AM,HIIT,74.0,
21832,22,14,Sun,AM,Yoga,82.2,
21833,16,12,Sat,AM,Strength,73.94,
21834,21,3,Mon,PM,HIIT,69.62,
21835,21,8,Thu,AM,HIIT,95.85,
21836,8,8,Thu,AM,Strength,96.91,
21837,3,12,Sat,AM,Aqua,90.73,
21838,12,2,Mon,AM,HIIT,79.13,
21839,19,10,Fri,AM,HIIT,69.63,
21840,54,5,Tue,PM,HIIT,72.29,
21841,10,2,Mon,AM,Aqua,82.81,
21842,15,4,Tue,AM,Yoga,77.79,
21843,11,8,Thu,AM,HIIT,81.44,
21844,7,10,Fri,AM,Aqua,77.8,
21845,6,2,Mon,AM,Yoga,105.12,
21846,8,2,Mon,PM,HIIT,87.76,
21847,18,6,Wed,PM,HIIT,74.32,
21848,9,8,Thu,AM,HIIT,80.46,
21849,15,7,Thu,PM,HIIT,88.5,
21850,21,10,Fri,AM,HIIT,79.51,
21851,29,2,Mon,AM,Strength,89.55,
21852,9,4,Tue,AM,HIIT,87.38,
21853,34,14,Sun,AM,Aqua,68.64,
21854,20,8,Thu,AM,Cycling,94.39,
